rainfall_1h_mm,rainfall_3h_mm,rainfall_6h_mm,forecast_rainfall_next_3h_mm,soil_moisture_0_10cm_percent,soil_moisture_10_35cm_percent,elevation_m,slope_degrees,water_level_m,temperature_c,humidity_percent,wind_speed_kmh,historical_event_density_nearby,drainage_convergence_score,flood_event
6.7,30.5,56.1,12.0,31.2,35.9,1922.5,11.5,2.06,25.3,35.8,17.6,0.38,0.3,0
34.1,75.1,136.4,41.0,81.0,79.0,1255.1,36.4,2.92,20.9,85.5,27.7,0.52,0.82,1
54.6,87.4,169.9,26.8,70.0,94.8,1278.8,47.0,4.93,18.8,90.7,20.8,0.47,0.81,1
26.7,111.3,169.4,46.5,77.4,84.5,2542.2,34.4,3.05,24.2,96.6,29.9,0.76,0.95,1
1.6,6.5,8.1,6.5,40.5,40.3,1218.1,30.7,1.14,22.7,40.6,15.2,0.08,0.64,0
13.9,18.9,19.1,16.3,53.3,57.7,1388.6,29.3,0.63,15.9,69.5,12.7,0.18,0.23,0
5.6,13.7,39.3,12.8,60.5,47.9,2273.7,13.0,1.78,23.0,65.8,10.9,0.26,0.39,0
26.3,62.7,104.9,45.5,77.4,84.2,1479.7,45.2,3.25,24.0,80.3,13.5,0.57,0.7,1
16.7,36.9,59.1,17.4,57.1,37.1,2376.4,32.3,1.47,28.3,47.7,5.5,0.14,0.39,1
65.9,147.5,188.0,40.4,80.5,77.3,2491.5,21.6,3.51,20.6,86.9,26.1,0.62,0.97,1
73.1,118.2,193.0,32.0,76.5,72.9,797.8,36.3,4.01,20.2,95.9,16.8,0.49,0.81,1
17.7,23.8,47.3,15.2,34.5,57.7,1993.8,19.2,1.64,22.6,38.6,15.7,0.18,0.28,0
27.0,92.5,179.9,20.7,83.4,77.4,2012.8,37.4,3.02,21.1,96.5,14.8,0.6,0.69,1
71.2,153.9,211.9,46.4,92.5,85.3,876.9,33.9,3.23,25.2,95.7,24.7,0.6,0.77,1
13.1,35.5,66.5,15.6,50.7,33.2,1934.1,14.0,2.12,14.1,39.1,13.3,0.05,0.27,1
9.9,27.2,50.0,4.5,53.5,39.0,2029.2,18.1,1.84,27.6,61.3,12.0,0.09,0.37,0
38.3,82.9,191.0,35.7,94.8,87.1,1796.1,41.8,4.01,21.9,79.5,26.4,0.57,0.66,1
11.6,16.0,49.0,19.1,61.6,44.1,1542.0,10.4,2.17,29.5,73.5,15.9,0.17,0.37,0
15.3,23.2,29.2,11.1,62.4,56.4,1953.0,24.3,0.67,29.8,40.6,11.3,0.4,0.53,0
59.9,132.0,197.2,31.7,92.3,91.4,1671.6,44.0,5.24,22.0,93.4,25.0,0.82,0.91,1
16.0,24.5,37.6,1.9,48.1,31.4,1230.4,21.6,1.48,23.5,36.2,4.5,0.38,0.36,0
2.3,15.3,42.3,4.3,49.9,33.2,1789.4,11.3,1.46,24.2,64.0,17.7,0.26,0.35,0
14.3,21.1,36.4,1.6,26.0,66.6,1499.7,30.9,1.75,16.8,41.3,7.5,0.27,0.52,0
58.0,104.8,211.6,49.5,84.6,86.7,1376.3,30.6,3.24,24.1,75.3,14.3,0.43,0.66,1
15.4,33.0,49.6,2.0,44.7,48.0,1476.7,14.3,1.28,23.9,60.4,4.6,0.2,0.48,0
9.1,30.5,53.5,3.3,27.8,54.4,2668.5,10.7,1.55,23.2,50.5,13.0,0.23,0.45,0
72.1,125.2,232.5,56.2,73.9,73.7,879.4,21.0,2.55,23.5,76.6,18.4,0.91,0.66,1
65.7,112.6,160.9,47.9,86.9,93.1,1235.9,40.1,4.91,19.4,92.3,28.1,0.99,0.79,1
6.7,26.1,38.0,18.6,59.3,46.3,826.9,28.8,1.86,28.4,55.2,15.6,0.18,0.6,1
7.0,7.3,39.0,1.8,37.8,66.1,1990.0,33.8,1.53,21.2,46.7,8.6,0.32,0.54,0
14.2,34.0,37.2,9.9,27.3,50.9,1372.0,21.0,2.1,15.9,40.7,14.7,0.3,0.25,0
1.5,19.0,21.6,16.4,53.2,33.1,1423.4,12.1,2.28,19.9,67.5,17.3,0.44,0.54,0
6.8,8.9,36.1,11.2,42.0,64.4,625.0,12.8,1.39,21.5,37.3,5.7,0.1,0.49,0
13.4,28.0,61.7,7.5,36.4,63.0,626.7,15.6,2.23,29.5,36.7,16.5,0.26,0.65,0
1.3,15.2,49.1,10.5,50.2,56.4,1885.5,21.4,1.63,28.4,36.8,7.9,0.43,0.6,0
8.2,23.7,33.4,3.8,43.5,43.4,2743.7,24.6,0.64,29.8,62.9,11.5,0.17,0.57,0
12.3,16.4,48.3,16.5,63.0,57.6,2652.0,25.3,1.25,27.9,36.8,4.4,0.2,0.56,0
17.8,21.5,42.3,7.6,63.8,62.0,1512.6,31.0,1.34,18.4,37.3,16.1,0.38,0.65,0
17.9,31.8,58.7,18.9,59.0,39.4,2698.9,21.3,0.73,23.7,44.1,13.4,0.3,0.36,0
2.0,18.8,37.0,15.4,45.8,62.4,2528.6,23.8,1.51,20.5,40.4,4.4,0.35,0.48,0
12.7,18.0,22.8,0.3,39.0,52.4,2589.1,19.8,1.29,19.6,55.6,15.0,0.21,0.48,0
68.1,155.1,205.4,57.1,82.8,78.2,1636.0,31.8,5.44,20.6,89.6,16.8,0.45,0.69,1
31.4,70.5,120.2,45.6,73.5,80.3,1968.4,44.9,3.92,19.4,79.4,12.8,0.5,0.74,1
33.9,69.2,117.6,38.4,74.2,80.7,774.7,33.1,4.57,24.4,89.4,13.6,0.92,0.95,1
28.1,74.7,171.1,49.9,73.5,77.0,1874.7,29.1,3.95,21.0,85.6,26.9,0.42,0.73,1
60.7,144.4,220.2,41.3,71.2,82.7,1211.6,34.0,3.23,21.0,75.5,18.4,0.53,0.76,1
31.0,114.4,196.0,47.2,91.7,84.0,1815.0,20.6,4.11,24.0,84.9,14.6,0.57,0.77,1
57.3,121.5,186.5,59.5,86.2,77.7,1167.3,21.1,2.96,19.3,79.3,17.7,0.5,0.95,1
1.4,14.6,28.9,19.6,29.5,45.1,2397.6,34.2,2.06,18.1,41.8,13.4,0.42,0.45,0
10.3,17.3,44.2,3.7,37.9,46.2,852.6,22.7,0.94,23.8,46.5,12.1,0.11,0.42,0
9.6,10.9,22.7,2.7,27.5,67.6,1160.2,18.1,1.96,24.9,65.4,12.3,0.24,0.39,0
42.4,128.2,226.4,58.6,71.7,89.5,826.3,46.2,3.04,23.9,88.2,28.8,0.48,0.91,1
35.1,74.9,126.4,52.6,88.0,84.6,1445.6,28.8,5.13,24.5,85.1,19.5,0.68,0.75,1
13.5,26.0,34.2,18.0,40.4,50.7,857.2,32.7,1.62,29.0,60.1,8.7,0.11,0.56,0
11.2,24.5,55.8,15.8,31.1,41.8,673.8,16.2,1.84,23.1,65.5,16.3,0.19,0.57,0
2.0,23.2,27.6,7.9,56.9,35.7,2184.1,15.7,1.8,24.3,62.8,11.6,0.15,0.36,0
34.1,118.6,199.4,36.0,81.9,94.7,1661.2,22.6,4.26,22.9,75.4,29.4,0.96,0.84,1
12.5,35.6,60.4,3.1,48.1,53.1,2655.6,20.6,1.83,28.8,53.0,5.6,0.44,0.58,0
31.2,116.5,217.4,40.8,85.7,81.6,2225.4,19.6,3.51,18.0,82.7,20.0,0.72,0.95,1
6.2,14.9,40.7,9.0,34.0,47.2,1696.4,13.5,0.82,20.7,71.6,9.1,0.28,0.48,0
0.2,16.8,23.1,19.2,30.9,45.8,1704.8,12.1,2.29,23.5,37.7,14.5,0.13,0.6,0
3.7,8.5,9.7,9.4,47.6,32.5,1753.7,29.4,1.32,21.1,51.0,11.8,0.11,0.28,0
15.5,39.2,52.2,5.4,50.8,45.5,2175.1,10.6,0.78,24.5,36.1,7.1,0.14,0.5,0
0.4,3.0,31.0,3.6,51.1,39.1,2189.0,12.5,0.94,27.7,68.2,9.6,0.32,0.29,0
5.3,27.7,28.1,1.7,33.3,31.0,1527.1,14.5,1.55,28.3,67.7,8.8,0.15,0.37,0
10.6,17.3,39.2,8.2,47.1,46.6,2279.9,17.4,2.21,16.2,69.7,10.8,0.41,0.56,0
46.3,77.6,136.4,41.7,87.0,78.2,2570.4,22.2,5.0,22.2,78.9,17.4,0.41,0.95,1
30.9,95.5,154.7,42.2,87.5,91.9,960.1,24.2,2.53,25.2,95.1,23.9,0.76,0.87,1
33.8,118.6,187.9,35.3,83.6,73.1,857.3,23.0,4.71,22.8,80.6,19.8,0.57,0.77,1
61.0,108.8,188.4,39.0,87.9,94.5,759.2,40.0,3.14,20.1,88.7,13.0,0.7,0.85,1
41.7,118.0,165.4,23.0,89.8,83.9,1168.2,38.7,3.8,24.6,93.4,25.9,0.56,0.84,1
6.5,8.8,40.9,2.7,63.0,46.9,2520.5,14.6,1.48,25.7,67.3,13.2,0.33,0.58,0
4.5,16.7,24.5,19.8,62.8,31.5,997.3,27.6,2.17,23.1,71.6,4.5,0.33,0.33,1
71.2,159.5,265.6,39.0,93.9,92.3,770.3,27.6,4.99,22.8,80.3,14.4,0.45,0.88,1
6.1,24.2,26.5,6.3,46.6,60.0,2549.2,18.0,1.63,23.9,44.3,4.3,0.4,0.21,0
15.7,29.0,61.8,16.0,64.9,43.3,1655.7,29.2,1.22,24.0,69.9,17.8,0.36,0.39,1
7.6,26.0,34.4,2.2,39.2,40.9,692.6,17.4,0.92,14.3,74.5,10.0,0.2,0.51,0
3.9,27.7,55.2,1.8,41.7,63.4,1949.5,33.6,1.34,16.7,74.6,7.2,0.43,0.49,1
55.4,116.1,172.3,27.1,74.6,76.5,809.9,41.4,3.55,25.8,95.3,30.6,1.0,0.71,1
44.8,120.3,209.0,26.2,92.5,77.4,1826.6,24.7,4.11,22.6,77.1,29.5,0.56,0.69,1
16.0,39.9,70.1,16.2,51.2,50.9,1419.9,12.2,1.24,18.2,63.9,10.9,0.08,0.3,0
59.2,93.7,193.3,39.8,82.4,86.2,1988.2,42.7,3.54,22.5,81.1,29.6,0.88,0.87,1
15.3,37.0,61.8,16.7,52.9,55.8,948.9,25.5,1.85,28.1,69.9,4.4,0.38,0.26,1
6.0,24.6,30.2,16.4,58.3,49.3,1957.2,10.2,1.02,29.7,60.3,7.6,0.3,0.44,0
14.0,16.7,43.3,10.8,63.5,43.0,825.5,25.8,2.18,29.0,62.5,4.9,0.17,0.52,1
28.4,93.3,157.5,44.8,69.4,92.9,2124.3,47.2,5.41,19.0,92.4,12.5,0.41,0.76,1
8.8,28.1,52.0,8.9,35.9,67.9,960.0,20.7,1.31,26.7,62.7,7.1,0.08,0.51,0
11.8,18.6,51.9,3.0,42.3,65.9,1474.7,20.5,1.65,18.4,74.4,9.7,0.41,0.3,0
35.7,67.5,153.1,34.7,93.9,83.4,2350.4,47.0,3.06,24.2,92.7,28.9,0.86,0.86,1
31.6,63.5,168.0,44.7,91.9,83.6,2002.6,21.5,2.88,21.4,79.6,21.8,0.44,0.84,1
38.4,116.3,178.0,38.2,68.3,73.7,1840.0,29.8,3.94,20.3,91.0,29.2,0.87,0.66,1
8.6,11.3,19.7,19.7,30.7,49.0,1831.2,25.5,1.76,14.2,48.1,11.2,0.09,0.36,0
0.6,2.6,16.5,2.7,47.7,56.2,968.5,30.0,0.86,15.7,60.5,13.9,0.06,0.62,0
0.9,14.5,39.3,17.4,53.6,60.5,776.3,18.5,1.97,28.3,56.9,15.4,0.23,0.49,0
51.3,125.2,170.9,22.4,75.4,75.8,2554.1,44.2,3.16,20.7,79.2,27.8,0.8,0.81,1
10.0,28.0,36.0,19.9,64.0,54.7,758.8,15.0,1.72,14.5,45.3,10.5,0.4,0.53,0
13.4,24.0,36.1,7.4,64.5,31.5,1565.0,31.7,1.54,25.6,54.5,16.2,0.41,0.39,1
5.0,19.8,51.7,4.2,49.9,54.0,2174.8,28.3,0.74,28.5,42.2,7.3,0.44,0.28,0
15.4,27.7,36.3,17.4,42.8,49.6,959.8,19.0,1.57,20.3,73.8,7.6,0.31,0.35,0
13.9,17.2,51.1,9.1,34.4,32.8,1341.4,14.2,1.44,27.3,52.2,7.5,0.3,0.52,0
33.4,73.4,116.0,49.5,87.9,83.4,1812.2,43.3,4.92,24.9,79.7,14.2,0.56,0.67,1
9.6,33.0,34.4,2.4,43.1,65.5,691.5,17.9,1.41,16.4,74.5,17.5,0.05,0.63,0
11.5,33.2,49.1,10.3,44.6,55.3,1277.4,13.5,0.55,25.3,43.1,13.4,0.44,0.24,0
12.1,23.2,53.6,3.5,52.7,61.8,1693.8,33.6,1.73,23.9,69.8,12.0,0.06,0.62,1
59.5,130.1,185.2,46.4,79.8,87.6,2598.9,21.2,4.47,18.4,97.5,20.1,0.92,0.91,1
10.2,28.7,59.4,8.1,38.1,55.4,2355.2,30.2,1.87,21.0,67.7,5.7,0.27,0.2,1
41.2,93.2,160.9,47.8,79.7,82.8,1131.8,25.1,3.62,18.6,88.9,25.4,0.77,0.8,1
6.8,28.4,46.6,9.6,26.0,43.0,1876.4,19.5,1.22,22.5,59.3,14.7,0.38,0.52,0
17.2,17.7,24.5,0.2,50.9,64.1,732.6,16.1,2.17,29.0,49.1,5.4,0.24,0.32,0
5.1,12.8,40.9,10.8,37.5,53.2,1509.8,27.9,0.99,16.0,42.2,13.5,0.12,0.44,0
12.8,15.4,35.3,5.1,63.5,48.4,695.5,30.1,1.49,24.1,73.1,12.4,0.38,0.6,0
36.4,79.1,161.9,36.4,93.2,93.6,2183.0,28.6,3.21,20.2,93.9,20.5,0.8,0.68,1
11.2,22.5,43.1,3.4,54.5,62.8,652.0,15.4,0.67,24.3,59.3,11.7,0.14,0.38,0
54.7,114.5,223.7,25.5,88.9,81.7,2015.6,30.8,4.65,25.9,78.0,14.1,0.83,0.84,1
4.9,6.9,9.9,17.9,32.7,42.3,752.7,15.7,1.14,22.3,37.7,15.2,0.14,0.44,0
15.8,32.1,50.8,6.5,38.3,55.4,1827.1,34.9,1.69,25.7,53.6,4.8,0.27,0.63,1
33.8,105.2,159.2,41.4,70.9,82.8,1963.3,40.7,3.54,24.4,96.3,16.7,0.64,0.7,1
17.9,41.0,59.9,16.8,45.8,53.7,881.0,12.2,1.86,27.2,66.3,13.9,0.06,0.34,0
4.7,13.7,16.8,18.7,47.2,41.6,1921.3,19.9,1.3,22.3,71.8,11.0,0.45,0.58,0
35.4,121.3,169.4,52.7,79.4,93.1,2201.1,44.0,4.92,20.4,76.9,20.1,0.5,0.88,1
6.2,30.6,53.1,16.4,30.3,62.8,1933.8,33.1,1.38,26.2,42.0,11.0,0.21,0.27,0
6.6,8.3,9.2,2.7,63.5,50.9,1286.0,34.1,1.28,22.1,52.6,5.5,0.31,0.3,0
11.2,27.4,32.7,1.2,56.2,47.5,727.1,11.5,2.29,25.1,74.3,7.3,0.11,0.25,0
5.5,8.0,32.2,1.2,45.4,67.9,1273.8,30.3,1.61,24.0,56.1,10.0,0.1,0.6,0
47.5,89.2,154.9,36.6,92.8,89.6,1490.7,41.1,2.53,21.9,75.4,17.2,0.86,0.7,1
9.6,15.0,15.4,4.8,64.0,60.5,841.4,34.0,1.38,22.8,53.2,15.8,0.09,0.42,0
32.5,82.0,173.6,39.0,79.3,81.5,2395.0,31.8,4.86,25.6,93.1,18.3,0.81,0.79,1
4.6,25.6,27.0,18.0,43.5,54.2,2000.7,26.5,2.11,23.8,37.7,11.3,0.11,0.53,0
9.2,26.2,27.7,1.7,53.7,32.7,2704.3,11.8,0.52,25.8,49.1,8.2,0.19,0.55,0
11.9,16.5,22.6,2.0,51.4,59.0,780.8,16.6,0.54,29.5,46.8,14.8,0.3,0.37,0
35.3,72.6,155.6,51.0,87.3,84.7,2217.6,19.3,5.41,20.3,97.5,24.0,0.75,0.9,1
65.6,135.0,183.9,33.5,95.8,77.4,1534.9,29.2,3.8,22.9,96.7,16.8,0.47,0.72,1
16.0,32.1,42.1,16.3,59.5,62.2,2261.1,33.0,0.95,21.4,68.7,14.2,0.36,0.5,0
3.2,16.8,51.3,18.7,26.7,36.3,2399.1,13.3,1.81,17.4,55.2,15.8,0.34,0.44,0
54.5,115.0,175.8,42.6,88.7,93.0,1004.1,37.1,4.78,21.7,75.2,16.9,0.84,0.98,1
1.8,11.8,39.8,4.1,47.2,57.9,1381.8,25.4,0.84,26.5,57.2,4.1,0.35,0.22,0
62.3,104.4,211.5,34.7,77.8,75.6,2593.0,27.2,5.13,20.9,85.3,26.4,0.93,0.85,1
7.0,17.4,41.7,0.1,49.8,43.5,1894.0,29.9,0.67,21.7,60.7,4.9,0.28,0.45,0
10.1,25.2,48.9,16.1,35.8,61.4,728.8,22.5,0.64,19.3,66.4,13.9,0.37,0.43,0
47.0,85.9,148.8,37.4,70.7,77.3,2596.9,35.9,4.71,25.5,89.8,20.4,0.78,0.91,1
2.1,12.4,41.8,7.7,47.9,52.3,1335.9,14.6,1.15,14.4,36.0,15.6,0.16,0.43,0
5.4,28.9,38.0,8.6,59.9,62.0,1608.0,14.7,1.94,21.7,40.3,5.1,0.34,0.42,0
46.8,120.6,214.2,26.4,86.3,75.2,2517.6,40.5,4.47,18.6,76.3,17.6,0.56,0.73,1
16.3,22.6,32.1,15.2,43.0,59.5,673.9,11.6,1.38,15.0,71.3,5.9,0.26,0.38,0
6.3,28.7,29.5,13.3,63.5,51.3,1521.3,33.4,0.59,18.2,64.2,17.7,0.15,0.49,0
34.9,98.8,171.3,58.9,86.3,80.4,1128.1,21.4,2.95,20.0,94.6,23.2,0.71,0.69,1
15.5,33.6,35.9,14.2,46.7,33.1,964.7,21.5,1.37,29.1,69.0,13.4,0.23,0.39,0
11.7,25.4,27.5,10.3,57.3,47.5,1043.0,11.3,1.92,18.1,41.6,8.6,0.35,0.43,0
35.2,117.9,219.5,54.8,75.2,82.8,751.6,47.5,4.82,18.5,85.7,30.2,0.72,0.81,1
30.3,99.7,197.2,35.2,91.3,95.1,1245.6,24.1,4.07,24.3,88.3,24.7,0.88,0.78,1
16.5,29.8,35.3,13.9,56.7,42.0,1209.2,31.4,2.13,29.7,40.6,6.8,0.12,0.6,1
11.8,15.6,31.0,12.3,28.3,63.5,2727.7,30.1,1.41,20.7,74.4,13.4,0.3,0.27,0
15.9,26.6,32.2,0.3,47.4,50.0,774.7,28.0,2.1,25.7,42.5,16.0,0.38,0.44,1
12.8,20.6,37.1,16.4,43.4,43.6,1337.5,22.4,1.99,16.8,63.5,15.6,0.09,0.31,0
32.1,83.0,154.5,50.0,87.5,86.9,1595.4,28.6,5.02,25.8,89.6,14.5,0.81,0.76,1
59.3,93.5,145.7,54.2,74.8,92.1,2018.9,26.4,4.43,22.1,82.0,16.3,0.42,0.75,1
11.8,35.2,65.7,15.3,56.5,55.3,2075.6,16.5,2.13,23.0,39.4,10.3,0.23,0.59,1
9.8,19.3,53.5,2.2,41.9,31.6,1216.1,28.5,2.15,27.7,46.7,16.8,0.35,0.56,1
25.9,113.7,204.5,32.2,92.9,78.8,2037.0,44.2,2.84,22.3,77.2,16.8,0.41,0.8,1
40.1,106.0,166.8,32.0,90.3,73.2,1968.8,45.1,5.06,22.7,95.5,15.7,0.45,0.73,1
64.7,96.8,177.6,59.8,93.7,84.5,1838.1,19.9,4.99,18.9,77.2,30.2,0.8,0.92,1
15.8,30.1,48.2,8.6,37.7,46.5,2563.6,29.3,1.58,21.1,59.3,12.8,0.29,0.52,0
36.9,97.6,144.9,35.4,82.6,87.7,2112.8,46.5,4.3,22.1,89.6,13.4,0.55,0.77,1
8.5,9.6,14.5,5.5,63.9,42.6,1943.7,22.1,0.85,18.5,43.3,11.2,0.05,0.2,0
3.9,4.9,8.6,6.8,57.1,51.7,2649.9,22.8,1.03,20.4,38.5,12.6,0.1,0.36,0
50.4,132.8,207.4,48.1,97.8,75.2,1501.5,26.2,3.68,21.3,95.9,26.3,0.76,0.75,1
66.2,153.5,251.0,20.1,87.1,73.2,1847.2,25.7,2.68,23.5,77.6,19.7,0.67,0.77,1
2.2,12.7,38.9,1.4,28.2,43.5,2093.1,33.5,1.7,19.8,58.7,4.1,0.3,0.61,0
55.6,138.1,228.7,24.8,95.1,73.6,722.2,34.0,2.93,21.4,81.8,21.7,0.75,0.66,1
31.2,94.7,158.7,49.2,87.6,92.3,1978.6,38.8,3.79,20.2,82.0,27.8,0.67,0.91,1
14.8,36.2,68.3,8.6,37.8,52.1,2152.3,19.3,1.58,25.0,50.0,6.3,0.22,0.26,0
16.0,24.7,30.1,0.5,50.8,54.2,1501.2,18.5,0.63,19.0,62.1,12.5,0.2,0.3,0
17.8,29.1,53.2,2.8,44.4,31.0,1445.3,22.6,2.24,14.6,36.2,9.4,0.11,0.21,1
13.6,25.1,35.2,18.0,29.6,66.3,1926.5,17.8,2.1,27.2,74.4,8.0,0.43,0.38,0
6.9,15.4,34.4,3.1,47.1,50.6,1569.0,29.0,2.0,18.8,45.4,6.7,0.07,0.35,1
38.5,126.5,205.5,33.9,85.4,75.3,1628.9,31.3,4.38,21.2,97.9,29.6,0.77,0.84,1
56.0,98.1,165.8,21.6,82.3,85.0,2428.0,24.8,5.39,23.8,87.3,29.4,0.48,0.91,1
2.2,22.1,31.8,17.5,62.8,35.7,1663.5,21.6,2.27,27.8,58.5,9.3,0.16,0.29,1
13.7,23.4,41.3,9.8,48.1,62.9,2420.5,34.5,1.23,26.2,57.9,17.4,0.13,0.25,0
15.4,26.4,56.0,17.9,27.5,63.6,1978.5,21.2,1.42,28.8,35.8,10.7,0.33,0.53,0
12.5,15.8,26.3,7.2,57.2,40.6,619.5,15.3,2.22,30.0,62.1,15.6,0.17,0.21,0
13.3,34.1,60.1,2.9,55.1,59.2,2461.0,26.5,1.88,23.8,38.5,10.8,0.08,0.38,1
7.3,9.0,21.2,2.2,57.3,66.0,1749.7,11.8,2.22,18.8,38.1,11.0,0.37,0.52,0
27.5,61.9,130.1,31.8,75.0,78.7,1469.7,42.1,5.29,25.2,82.4,21.5,0.54,0.86,1
17.6,32.7,45.2,13.0,29.9,63.8,1888.9,22.6,1.31,24.0,37.9,13.6,0.15,0.52,0
14.8,34.9,54.2,10.4,30.7,59.5,1225.4,16.8,1.39,16.1,60.2,4.8,0.35,0.34,0
0.0,12.8,14.4,5.5,53.3,32.4,1143.0,31.0,0.51,25.9,47.7,5.4,0.19,0.32,0
67.1,115.9,211.2,55.7,81.0,93.8,869.7,29.3,5.39,23.5,86.4,19.8,0.78,0.88,1
25.2,65.2,155.1,46.7,97.0,90.3,1266.3,46.5,4.61,18.8,93.0,24.9,0.43,0.77,1
17.2,29.7,44.9,9.2,33.4,44.0,2288.6,19.2,0.59,20.7,67.9,15.9,0.13,0.5,0
8.5,30.5,38.1,13.6,49.3,41.2,2224.9,13.4,1.67,19.1,60.8,9.5,0.34,0.29,0
69.5,116.8,182.5,22.3,71.3,84.4,727.9,26.0,5.01,21.0,82.8,12.4,0.47,0.79,1
49.6,103.9,181.1,43.8,68.3,83.1,1987.3,46.9,4.06,20.5,92.8,27.5,0.71,0.97,1
2.3,2.7,29.6,16.1,29.8,40.1,2300.9,10.4,1.03,22.3,48.9,9.2,0.05,0.33,0
11.6,36.0,65.6,0.5,60.9,59.8,1475.6,29.5,1.32,18.8,37.6,7.2,0.15,0.42,1
13.5,25.3,27.3,19.2,62.7,59.8,2718.1,34.8,1.48,15.2,49.6,7.2,0.13,0.26,0
11.2,30.7,51.0,2.9,57.4,54.2,1171.8,19.7,1.71,19.5,71.7,8.1,0.24,0.6,0
60.4,94.1,144.4,20.3,86.9,82.7,1706.4,22.0,5.37,19.9,86.5,25.6,0.45,0.74,1
14.5,26.0,45.1,8.7,26.8,36.3,710.0,21.1,0.88,27.5,74.2,15.1,0.39,0.31,0
17.3,22.2,55.5,19.9,53.5,67.3,1561.4,24.2,0.97,23.5,37.9,12.7,0.44,0.29,0
14.3,37.0,70.0,19.2,45.9,67.1,1649.2,28.9,0.79,25.5,44.9,13.0,0.32,0.27,0
10.2,29.5,46.9,0.2,25.4,43.6,1995.6,33.2,0.91,17.6,47.9,15.9,0.34,0.24,0
7.7,8.4,25.3,13.2,29.7,41.0,2785.2,19.9,2.16,14.7,65.4,9.2,0.21,0.54,0
70.9,158.0,238.4,34.3,91.6,78.0,1947.6,34.9,3.58,19.9,79.4,30.4,0.46,0.82,1
4.0,4.9,6.2,3.5,59.7,40.7,1560.6,33.8,1.55,23.3,55.7,14.6,0.16,0.36,0
69.7,156.5,259.0,36.8,91.4,83.4,1823.1,32.9,3.11,19.5,82.6,29.1,0.52,0.67,1
1.2,24.8,42.5,8.2,57.4,61.8,2296.5,18.3,1.75,24.5,41.1,16.3,0.27,0.33,0
46.3,78.5,127.5,50.6,68.0,82.0,2548.8,33.7,2.66,19.8,82.0,18.1,0.54,0.65,1
13.1,37.3,45.1,13.3,54.7,62.2,1315.6,20.6,1.05,25.4,67.7,6.5,0.2,0.61,0
14.5,39.1,65.5,7.9,48.6,55.1,2160.5,12.0,1.48,16.7,66.2,12.2,0.43,0.22,0
38.3,104.4,165.1,48.6,90.8,74.5,1401.6,33.4,4.03,25.5,94.0,25.9,0.83,0.8,1
16.6,33.9,59.5,17.2,36.0,60.7,1338.3,14.9,1.12,29.7,69.3,13.8,0.34,0.45,0
17.0,29.5,42.8,3.3,56.4,57.9,2445.8,19.6,0.55,14.2,63.1,17.6,0.23,0.31,0
12.7,33.1,52.2,19.3,27.1,49.2,994.4,28.0,2.05,26.8,57.1,9.6,0.1,0.59,1
2.8,10.6,20.7,17.4,51.9,60.3,1857.8,16.3,1.62,27.3,71.2,4.2,0.32,0.22,0
9.9,17.1,27.8,7.1,49.9,42.7,750.4,28.3,1.23,26.5,46.4,10.1,0.32,0.35,0
1.0,10.4,43.4,12.8,51.9,54.0,2252.1,15.0,1.25,15.6,46.1,7.9,0.22,0.64,0
1.2,14.2,20.5,19.4,29.5,45.3,1530.0,28.4,1.77,19.5,50.9,7.7,0.13,0.42,0
38.4,85.7,171.6,58.7,86.1,73.8,1264.9,20.3,5.35,18.7,88.8,24.5,0.79,0.74,1
25.8,113.7,171.2,47.0,89.2,86.6,1835.6,27.4,3.31,24.9,96.8,14.1,0.49,0.96,1
13.3,35.3,42.4,11.8,53.0,55.8,1882.4,20.2,0.53,18.0,53.0,17.4,0.21,0.58,0
3.4,20.2,54.4,2.0,25.3,46.5,2612.0,12.3,1.85,20.9,45.3,10.1,0.34,0.2,0
10.6,25.9,48.3,4.8,53.6,33.5,2225.2,15.0,2.08,14.2,44.9,7.0,0.16,0.31,0
1.1,12.6,38.2,12.1,51.9,33.1,2371.2,33.8,2.01,27.2,72.3,11.6,0.13,0.48,1
62.1,136.4,212.9,22.7,79.1,94.1,1210.8,35.5,4.11,20.9,95.6,25.3,0.87,0.8,1
11.3,17.6,42.2,8.6,42.7,54.7,2414.4,33.4,0.62,18.7,52.8,4.3,0.17,0.43,0
1.0,13.3,45.7,2.1,55.6,45.6,950.9,26.4,0.97,16.6,37.8,6.6,0.32,0.6,0
14.7,31.8,35.6,5.8,37.4,39.5,1385.1,22.9,1.46,19.7,68.1,15.1,0.17,0.61,0
72.6,122.2,187.1,40.2,96.2,93.0,1751.4,21.1,3.68,22.0,79.5,29.2,0.81,0.93,1
15.5,34.2,49.5,12.2,31.4,55.6,1105.1,14.5,1.75,15.9,41.6,4.0,0.34,0.53,0
50.7,90.4,136.3,20.8,73.0,93.4,900.2,25.2,3.56,19.8,86.9,24.2,0.55,0.67,1
44.6,88.6,144.0,58.4,86.5,85.4,1727.7,30.5,3.79,23.6,91.1,15.4,0.7,0.79,1
15.7,31.5,50.1,2.3,49.2,34.5,2122.6,18.4,0.76,17.3,50.7,16.5,0.13,0.43,0
7.5,8.0,35.7,1.4,44.0,51.3,1157.2,25.7,1.74,14.2,63.9,11.5,0.38,0.57,0
67.2,126.3,189.6,51.7,81.5,76.4,1586.0,43.6,5.15,18.6,83.9,28.1,0.94,0.72,1
28.3,111.0,178.2,41.7,97.0,73.6,1413.4,37.4,2.72,24.4,85.0,31.9,0.74,0.76,1
4.0,12.7,25.8,1.4,39.8,47.6,2159.3,28.1,1.68,14.1,43.7,13.3,0.24,0.2,0
65.2,141.6,220.0,22.7,91.0,86.0,2225.7,41.5,4.76,22.1,78.2,25.4,0.77,0.89,1
3.1,7.9,39.1,15.0,61.3,58.8,2556.1,24.9,1.68,23.3,60.3,6.2,0.24,0.52,0
4.9,9.9,20.9,4.8,33.6,46.1,1013.4,32.7,1.41,15.2,62.8,9.4,0.38,0.5,0
14.3,21.1,45.4,5.3,62.6,54.2,1020.0,18.1,0.99,25.1,43.7,12.3,0.16,0.5,0
14.7,34.1,60.7,3.8,28.5,56.6,668.5,19.2,1.28,18.2,36.3,16.3,0.15,0.45,0
0.7,17.4,28.7,18.0,60.5,42.4,2415.9,32.5,2.29,27.5,45.0,12.1,0.08,0.24,1
18.0,26.1,52.3,16.1,59.3,67.9,1504.6,16.0,0.57,16.1,35.9,9.0,0.36,0.45,0
40.6,109.9,166.1,20.6,90.9,87.0,2290.5,40.9,2.62,23.0,88.0,24.5,0.92,0.84,1
10.5,35.2,61.7,8.8,53.3,44.8,2642.0,15.7,1.57,28.9,48.7,11.4,0.13,0.65,0
74.1,143.0,239.3,48.6,85.8,73.3,1987.3,31.6,4.52,21.0,96.7,15.3,0.7,0.88,1
12.5,28.8,38.4,3.1,50.4,52.8,1601.4,14.5,1.77,24.7,68.5,6.4,0.06,0.55,0
11.0,28.5,57.8,16.1,63.4,50.4,938.1,22.2,1.22,23.2,46.1,16.9,0.28,0.47,0
42.7,75.9,118.1,36.9,70.5,86.6,1952.2,44.4,5.15,19.7,94.8,29.7,0.52,0.89,1
39.3,117.5,227.3,21.2,94.9,86.9,2310.0,47.2,3.9,18.5,82.7,13.3,0.99,0.92,1
15.3,38.8,41.8,7.7,27.8,38.0,1190.8,15.7,1.34,15.6,41.7,6.1,0.44,0.54,0
73.4,129.8,189.3,51.9,77.8,79.2,1187.3,25.0,2.89,20.8,90.5,13.3,0.53,0.92,1
2.6,11.2,41.5,3.1,28.3,48.4,2368.4,17.6,1.51,16.2,58.2,11.1,0.11,0.48,0
4.9,17.1,20.0,9.2,37.3,61.3,1608.5,11.4,1.25,25.6,58.0,13.3,0.36,0.59,0
5.6,19.1,48.5,19.8,60.6,44.1,2231.6,14.9,1.38,21.9,54.3,15.7,0.19,0.59,0
45.3,95.0,166.8,50.5,71.8,76.7,1778.7,46.5,3.03,22.6,86.3,24.9,0.54,0.83,1
43.6,113.3,163.2,42.8,73.6,78.7,2268.9,24.6,3.05,20.3,96.3,31.4,0.74,0.7,1
43.7,121.6,187.3,23.5,84.7,92.3,1978.3,41.9,3.03,19.8,80.0,29.5,0.55,0.74,1
0.0,21.8,49.5,12.5,55.0,35.8,806.3,21.5,1.13,21.8,71.8,4.6,0.17,0.29,0
4.3,27.0,43.4,9.3,55.4,35.9,1913.2,22.2,1.27,30.0,65.8,9.6,0.38,0.28,0
0.5,5.7,17.6,10.2,49.6,64.6,710.5,22.7,1.4,14.6,57.0,10.1,0.39,0.27,0
0.4,11.7,20.0,1.0,54.0,34.2,981.7,25.2,1.01,20.1,67.1,9.5,0.35,0.26,0
63.6,107.9,195.3,42.6,95.9,81.3,2271.0,20.0,2.56,22.2,92.8,16.7,0.61,0.66,1
17.3,34.0,66.7,5.3,49.5,55.8,2683.8,17.9,2.03,28.2,64.6,7.9,0.16,0.63,1
0.2,18.1,42.8,12.5,64.6,41.9,1574.2,18.5,0.64,18.2,48.7,15.7,0.42,0.28,0
6.7,29.9,32.1,1.8,31.5,52.6,1582.8,13.8,2.24,22.0,44.9,10.6,0.31,0.54,0
13.6,28.0,59.7,16.3,55.3,32.1,2059.8,10.2,0.88,20.6,51.1,16.4,0.41,0.61,0
5.6,22.9,32.4,3.8,32.4,43.0,863.8,20.7,2.0,25.8,56.3,8.0,0.25,0.33,0
54.8,110.8,162.3,24.7,84.4,93.7,1951.5,28.3,4.7,25.5,93.9,23.3,0.79,0.95,1
7.2,15.4,15.7,16.5,57.0,34.0,861.2,24.4,1.34,29.7,43.6,4.9,0.29,0.53,0
26.6,96.1,173.4,24.1,73.2,85.6,2255.6,26.9,5.31,25.9,81.0,31.4,0.66,0.76,1
0.9,2.2,26.4,9.2,34.1,53.3,1390.3,16.3,1.54,27.2,67.8,10.7,0.19,0.36,0
14.5,22.7,30.0,1.7,43.7,48.3,1438.2,31.0,0.9,26.9,67.9,9.4,0.23,0.34,0
71.6,108.7,214.1,47.4,83.9,72.8,1006.3,32.3,3.72,23.3,97.3,23.2,0.83,0.67,1
45.9,82.9,165.8,57.5,87.9,73.8,1466.1,28.6,4.15,24.7,93.7,24.2,0.62,0.73,1
30.3,81.6,150.5,47.0,87.7,73.7,997.9,29.9,3.05,24.6,76.0,20.4,0.5,0.94,1
10.0,15.8,33.4,14.6,63.3,38.4,2616.1,32.2,2.18,24.2,60.2,9.6,0.35,0.44,1
58.9,114.6,205.8,53.0,72.4,92.0,1519.5,34.2,5.03,21.0,96.0,17.0,0.91,0.81,1
9.3,17.0,37.0,6.5,26.6,40.3,2724.6,10.2,2.26,20.3,64.1,8.8,0.32,0.56,0
17.0,27.0,54.5,5.3,64.6,31.0,2113.7,25.1,1.69,15.9,72.5,6.5,0.3,0.3,1
40.4,103.1,172.4,26.4,73.1,82.0,859.8,40.7,5.19,21.1,77.3,12.3,0.8,0.85,1
2.9,8.8,9.6,16.7,64.0,35.1,2638.2,15.8,2.06,20.7,37.0,4.6,0.28,0.38,0
26.4,91.4,132.2,51.5,77.2,73.0,2550.2,35.7,3.69,22.4,81.3,26.2,0.56,0.95,1
6.7,20.5,22.3,8.5,58.3,60.6,2398.1,15.6,0.91,28.9,38.8,10.3,0.18,0.59,0
1.5,6.8,33.1,1.0,44.7,46.8,1765.9,18.4,1.21,16.6,57.9,15.3,0.35,0.27,0
2.7,9.4,22.0,8.2,52.2,32.2,2133.8,10.9,1.21,17.1,60.7,7.6,0.4,0.6,0
39.9,83.7,152.5,29.6,88.2,91.8,1454.3,38.2,4.97,19.3,92.0,19.2,0.8,0.74,1
1.5,26.3,31.7,19.8,64.1,60.2,2505.4,26.5,1.54,18.6,53.7,12.7,0.21,0.39,0
41.5,105.4,204.9,28.1,96.0,88.5,2181.1,42.7,4.17,18.1,93.8,12.8,0.93,0.98,1
39.7,82.3,175.9,30.1,94.0,74.5,1980.3,21.8,5.44,24.8,82.5,25.5,0.76,0.85,1
12.3,26.7,41.7,5.5,55.7,38.6,1975.7,27.3,0.92,26.0,43.7,4.8,0.1,0.47,0
15.3,16.4,42.1,6.8,44.1,65.3,630.1,18.3,1.34,15.3,45.3,4.4,0.3,0.39,0
52.4,92.9,153.6,46.6,97.0,73.2,1771.4,44.7,4.23,22.0,76.6,13.8,0.76,0.76,1
16.5,26.7,31.7,14.3,36.7,50.0,2342.8,27.4,2.12,24.8,62.2,17.2,0.17,0.2,0
4.9,10.3,33.5,12.7,48.7,30.6,2063.1,28.2,1.08,22.9,48.7,5.9,0.09,0.57,0
16.5,32.8,36.4,8.0,54.2,59.6,2166.7,13.0,0.5,19.7,45.2,4.2,0.27,0.58,0
72.9,136.8,212.8,23.4,84.5,81.1,1156.6,36.2,3.67,18.8,82.2,13.9,0.51,0.98,1
47.2,109.1,210.3,59.8,85.5,91.5,1465.1,27.8,3.42,23.4,90.7,18.3,0.48,0.86,1
2.3,16.8,41.0,14.0,55.1,63.2,1962.2,22.5,1.81,17.0,36.0,8.0,0.23,0.48,0
15.3,20.2,24.6,19.3,29.3,48.2,789.3,24.6,1.47,14.9,39.2,12.2,0.27,0.31,0
11.5,32.0,33.4,10.0,52.6,39.6,2575.5,17.7,1.6,27.0,58.3,14.2,0.2,0.49,0
8.4,13.1,37.7,11.1,39.3,64.6,725.1,10.5,1.07,26.3,63.1,8.6,0.32,0.38,0
13.6,25.0,39.4,18.7,35.0,34.6,1431.2,24.6,2.24,15.0,48.6,11.1,0.11,0.5,0
74.9,132.0,196.8,36.0,71.5,93.2,1953.4,30.4,3.66,21.5,89.9,13.2,0.89,0.96,1
57.4,144.7,195.3,39.1,86.1,86.0,941.0,30.0,3.51,21.1,78.7,26.7,0.53,0.67,1
52.6,118.3,219.4,43.1,78.4,91.3,1775.1,34.2,2.74,25.3,84.1,17.9,0.49,0.7,1
7.8,22.7,25.5,18.8,55.2,52.3,1649.0,30.7,0.64,24.1,68.1,15.0,0.16,0.62,0
2.2,24.1,58.1,3.5,53.9,31.5,1877.4,20.1,1.43,29.0,61.9,10.7,0.37,0.63,0
0.4,25.0,28.0,16.3,36.2,35.0,1438.1,21.0,1.66,14.9,59.0,16.6,0.2,0.3,0
8.0,9.2,37.9,16.5,48.5,43.4,2417.1,30.0,1.5,24.1,66.4,12.4,0.22,0.63,0
52.1,118.4,173.8,45.0,85.1,76.4,2151.0,19.8,4.31,22.2,80.2,25.3,0.45,0.8,1
33.2,74.2,128.4,35.5,69.5,81.5,1427.3,33.4,3.95,24.7,78.3,22.1,0.44,0.67,1
53.7,117.7,219.1,42.3,96.8,73.2,1052.0,20.9,2.63,22.3,89.8,12.9,0.97,0.93,1
5.3,7.3,13.2,2.5,29.9,49.7,2776.9,16.1,1.14,24.9,73.0,6.0,0.2,0.45,0
1.4,1.5,25.0,12.8,41.4,48.6,1337.8,20.4,0.54,16.8,38.9,17.4,0.29,0.53,0
5.7,15.5,23.8,1.9,32.2,60.3,1645.2,26.9,1.48,28.8,37.9,7.9,0.19,0.55,0
17.9,23.9,54.5,16.6,34.0,45.2,998.0,20.2,2.26,26.8,48.4,14.2,0.22,0.46,0
66.6,144.9,245.5,22.4,88.8,75.4,1465.2,30.5,4.15,22.2,97.9,14.7,0.81,0.78,1
2.4,6.4,39.6,17.6,61.3,67.7,2072.3,15.2,1.14,21.7,51.7,9.0,0.29,0.46,0
2.9,14.7,34.1,11.4,33.4,58.2,2316.5,10.6,1.14,23.0,45.4,13.7,0.28,0.56,0
13.2,28.5,45.6,2.7,35.5,45.9,1234.0,25.0,1.42,14.1,54.8,8.0,0.34,0.21,0
10.5,34.1,40.2,9.4,28.7,53.8,1747.0,23.8,1.23,28.3,42.9,4.3,0.39,0.46,0
16.0,31.0,59.3,8.6,55.0,64.7,1191.4,24.3,0.83,17.2,44.9,8.3,0.27,0.46,0
46.3,113.3,159.0,23.5,73.2,84.4,1460.6,24.4,3.35,24.5,75.3,25.0,0.8,0.91,1
16.8,17.3,22.7,17.7,43.3,51.5,2649.8,26.6,1.72,30.0,63.8,8.0,0.4,0.22,0
4.2,26.6,35.6,4.4,30.5,62.6,1125.9,22.5,1.71,26.1,65.4,8.4,0.21,0.29,0
17.6,33.7,66.4,6.1,56.3,59.1,1465.8,27.3,2.24,16.1,61.9,14.2,0.28,0.29,1
9.1,16.9,31.8,12.9,54.8,38.8,1037.0,20.1,0.98,26.5,71.4,9.2,0.35,0.6,0
15.2,19.8,53.3,7.5,38.6,32.4,1146.8,22.2,0.7,19.1,67.4,16.3,0.17,0.59,0
15.4,34.5,39.7,13.8,62.8,55.9,2020.6,18.3,1.4,22.2,39.8,8.4,0.37,0.59,0
31.9,119.0,182.0,46.5,90.6,91.5,2331.2,46.4,3.44,19.1,91.2,26.8,0.81,0.73,1
15.7,19.9,21.8,14.3,44.0,62.3,2440.2,19.6,0.8,22.8,42.6,14.1,0.25,0.47,0
48.0,127.8,225.8,48.4,71.2,92.1,1389.7,38.1,4.59,25.0,91.7,14.3,0.64,0.94,1
0.8,24.9,48.7,12.6,35.8,39.5,2306.1,33.6,1.04,20.3,40.6,4.2,0.27,0.64,0
6.6,15.6,27.6,10.4,42.6,63.4,904.4,22.6,1.41,29.7,45.0,5.0,0.32,0.47,0
45.8,101.1,196.0,27.8,92.6,87.6,1187.6,30.6,3.87,24.0,86.8,18.4,0.76,0.98,1
7.8,30.9,42.9,1.1,33.2,45.9,2613.0,15.5,0.5,27.5,64.7,6.3,0.1,0.23,0
13.0,36.3,51.3,2.4,45.5,43.3,2181.2,19.4,1.62,15.8,36.4,17.9,0.14,0.22,0
34.5,66.8,134.3,52.1,78.2,82.7,2336.7,38.3,4.03,24.9,75.2,27.6,0.68,0.98,1
8.7,33.4,59.8,5.0,46.5,67.7,2154.0,31.4,0.68,19.5,35.3,9.6,0.14,0.57,0
41.9,121.5,161.6,32.3,75.2,77.6,1755.5,20.0,3.06,20.3,84.6,19.5,0.93,0.95,1
49.6,99.5,146.9,58.1,69.8,79.1,1012.1,26.9,3.46,24.3,77.8,24.7,0.47,0.67,1
70.5,111.9,209.4,41.8,70.3,94.9,1020.7,25.4,5.08,24.8,75.3,22.2,0.86,0.96,1
16.4,36.9,67.9,4.0,36.4,41.0,1798.0,19.4,1.21,16.6,62.6,6.3,0.17,0.43,0
14.3,32.8,55.4,3.1,46.9,33.3,687.6,19.4,1.24,18.4,73.2,17.4,0.19,0.22,0
3.2,13.0,46.2,2.8,55.5,34.1,2305.5,34.5,1.19,19.5,60.1,6.7,0.11,0.62,0
70.9,154.1,237.9,52.3,70.1,80.0,1376.3,27.4,4.41,19.2,88.7,28.3,0.63,0.69,1
3.5,9.5,20.0,12.9,49.0,56.5,1049.0,19.1,1.98,21.5,67.0,6.5,0.09,0.6,0
6.2,23.3,24.2,13.8,37.6,32.1,1451.0,25.2,0.93,15.3,40.9,8.2,0.09,0.61,0
0.1,12.2,16.5,6.2,62.0,36.1,2231.4,34.1,0.87,22.7,70.4,11.8,0.26,0.29,0
3.0,25.9,37.4,7.4,55.4,42.9,1914.3,33.8,1.83,28.1,37.0,7.6,0.24,0.3,1
13.4,36.4,51.2,6.8,63.5,46.9,2601.0,22.2,1.13,23.1,65.5,15.4,0.19,0.4,0
67.4,119.2,214.8,57.6,86.7,89.8,1450.6,42.2,5.04,18.4,84.2,25.5,0.67,0.9,1
6.4,22.3,28.8,15.0,46.8,37.8,1661.7,17.3,1.85,17.5,73.7,14.0,0.43,0.39,0
48.8,132.6,209.4,48.3,75.6,82.7,701.8,21.7,3.12,18.3,97.5,16.8,0.8,0.93,1
9.9,13.7,39.2,12.0,54.3,59.3,1351.6,34.4,1.53,24.4,37.7,16.6,0.1,0.35,1
65.8,131.6,199.2,38.9,93.6,80.2,2175.9,44.1,2.76,24.8,79.2,20.6,0.5,0.88,1
51.8,119.9,173.6,28.5,69.2,79.7,1967.2,34.8,5.07,21.5,96.9,26.4,0.96,0.82,1
4.7,6.0,31.4,2.4,37.1,50.2,965.8,24.1,1.58,20.1,59.7,17.6,0.34,0.62,0
13.7,28.5,35.2,13.3,49.9,52.9,1335.8,22.2,1.45,22.3,42.9,15.3,0.12,0.24,0
46.8,116.3,187.0,31.1,84.7,80.3,1654.5,46.0,5.27,20.6,92.0,12.7,0.68,0.76,1
16.6,16.9,36.2,14.8,44.4,33.2,1951.2,34.3,1.43,17.8,54.3,10.0,0.08,0.25,0
15.1,21.1,27.9,10.1,55.7,32.4,680.2,24.4,0.71,14.8,68.4,5.7,0.07,0.4,0
15.2,21.8,36.5,0.8,43.0,51.9,1294.2,24.3,1.1,15.7,49.7,5.4,0.36,0.63,0
17.5,39.1,60.1,14.0,36.4,54.0,2267.1,21.4,1.37,18.5,47.7,16.9,0.07,0.42,0
70.6,137.3,215.5,30.0,78.3,92.4,889.2,34.8,4.04,18.1,97.2,19.5,0.76,0.68,1
12.3,35.6,55.8,2.5,48.3,59.1,2027.1,20.2,2.08,28.4,59.9,5.8,0.17,0.29,1
70.4,146.1,233.4,32.0,73.5,90.2,1871.6,32.2,3.18,18.3,82.5,21.4,0.49,0.97,1
3.8,7.0,14.1,15.4,42.0,51.5,1580.8,10.5,0.56,27.1,70.4,5.2,0.27,0.61,0
7.0,27.7,32.4,18.7,55.1,65.8,2664.0,26.9,1.15,18.4,48.3,13.8,0.36,0.62,0
3.7,23.6,49.5,1.3,40.5,40.7,2014.1,17.6,2.27,25.5,74.1,9.3,0.37,0.4,0
15.7,20.2,53.3,4.4,38.0,58.7,1578.1,19.8,1.59,25.9,44.1,4.8,0.17,0.41,0
3.0,11.9,25.9,1.1,48.3,63.6,2062.4,13.8,1.58,20.7,63.0,9.8,0.25,0.2,0
12.5,29.0,30.3,7.4,64.2,46.0,2178.0,22.5,2.14,23.3,66.9,16.1,0.23,0.41,1
44.3,132.3,221.1,23.3,93.9,83.5,1492.6,20.1,4.15,25.0,79.7,28.5,0.73,0.67,1
17.5,30.3,40.5,9.4,59.3,41.6,1255.3,14.8,0.73,26.5,53.9,7.2,0.12,0.35,0
16.9,25.5,60.1,9.7,32.2,63.9,2764.2,21.5,1.78,14.8,38.9,14.1,0.16,0.28,0
27.0,58.3,152.5,25.4,82.0,86.5,2188.7,30.9,2.58,18.1,92.5,29.9,0.66,0.83,1
8.6,18.3,49.4,17.9,38.4,53.4,1719.7,33.2,2.23,21.2,46.1,17.4,0.11,0.46,1
5.1,12.1,26.2,20.0,27.2,52.0,1567.0,12.1,0.78,22.2,45.4,8.4,0.08,0.34,0
73.3,160.0,223.5,42.8,95.3,72.1,873.5,42.3,5.35,19.3,97.1,22.8,0.41,0.74,1
47.5,119.1,210.4,59.8,76.6,84.9,1021.4,34.0,3.72,25.8,94.6,22.0,0.76,0.72,1
9.8,27.2,45.2,19.8,49.5,44.1,1445.9,29.3,0.81,19.6,52.3,14.9,0.24,0.56,0
10.4,18.9,47.3,4.8,34.0,49.2,2026.3,16.5,0.52,22.2,52.8,17.5,0.28,0.59,0
32.0,96.1,196.9,43.3,89.5,80.9,1449.5,20.8,3.87,24.9,80.6,31.3,0.97,0.73,1
42.4,126.1,233.8,37.7,77.6,84.6,2099.3,38.6,3.32,18.4,76.1,19.7,0.61,0.75,1
8.8,16.9,23.6,6.2,64.0,45.6,2763.3,21.1,1.54,17.9,62.3,14.0,0.29,0.24,0
12.2,13.8,34.7,14.8,33.4,62.0,1612.7,10.8,2.02,17.5,40.4,17.3,0.08,0.29,0
6.3,21.8,40.8,2.5,36.6,39.1,2148.9,15.3,1.24,17.5,49.7,9.5,0.44,0.63,0
14.4,20.4,22.8,6.3,35.7,49.2,2458.7,29.4,2.04,19.8,62.5,8.4,0.07,0.52,0
0.2,10.4,21.9,13.9,55.6,41.6,1581.9,30.3,1.03,25.6,62.7,17.8,0.14,0.5,0
55.5,140.4,191.3,50.1,85.0,78.6,1800.7,32.2,3.5,25.1,88.1,24.6,0.71,0.67,1
4.2,16.5,27.3,3.6,45.2,42.3,893.2,16.5,1.34,28.8,69.7,13.9,0.09,0.55,0
65.4,141.5,189.4,45.8,93.0,85.9,1704.5,37.4,3.88,18.3,89.7,13.6,0.66,0.75,1
52.3,90.3,178.7,51.8,72.9,74.5,1703.6,22.4,5.13,21.7,77.5,25.0,0.92,0.92,1
11.3,13.2,17.1,1.0,35.3,35.2,2674.6,16.5,1.19,23.8,68.4,13.9,0.1,0.53,0
5.0,20.9,32.9,20.0,35.5,40.6,2132.7,33.3,0.54,25.6,68.5,17.6,0.44,0.23,0
14.8,31.0,53.6,2.6,51.0,67.3,687.9,32.8,1.29,19.8,68.1,13.8,0.23,0.22,1
7.7,19.4,51.9,12.8,37.5,50.0,1392.1,11.7,2.25,21.6,49.2,13.6,0.31,0.52,0
4.8,12.7,17.1,13.1,26.6,52.7,1587.9,31.7,2.1,21.3,38.1,13.4,0.38,0.31,0
46.1,126.4,227.8,29.7,84.5,76.6,2259.0,21.1,5.23,24.1,76.1,28.9,0.66,0.76,1
9.8,12.1,38.6,11.6,32.5,37.2,1893.2,14.6,0.6,27.4,35.7,4.7,0.28,0.57,0
5.9,14.6,35.5,5.5,26.1,57.9,2231.7,25.6,1.55,24.8,43.2,8.9,0.1,0.26,0
12.2,33.6,67.3,12.6,32.4,34.0,1960.2,30.3,1.54,26.5,63.1,15.7,0.07,0.54,1
67.5,114.7,199.5,32.6,96.7,72.8,2053.2,35.4,3.0,19.4,80.4,21.9,0.95,0.72,1
32.2,107.8,182.8,56.5,72.4,87.5,1998.5,25.0,2.97,22.7,92.4,18.2,0.67,0.78,1
17.7,25.0,35.3,7.1,47.6,39.6,2570.8,32.9,0.98,15.7,61.3,16.7,0.12,0.64,0
8.2,31.8,55.5,6.0,32.5,41.5,830.3,12.3,0.76,20.8,66.8,6.0,0.1,0.49,0
3.5,6.0,11.8,18.5,57.9,43.5,2089.7,26.4,1.47,24.9,60.1,7.7,0.07,0.41,0
16.0,30.3,59.4,19.8,31.5,56.3,2768.3,26.9,2.26,25.0,44.7,15.2,0.09,0.55,1
16.4,26.0,48.0,8.6,42.5,41.8,2669.7,29.1,2.19,16.8,70.0,14.3,0.15,0.23,1
4.8,27.6,49.8,14.4,35.3,57.3,1978.9,10.7,1.18,16.3,67.9,7.3,0.31,0.38,0
54.8,91.2,132.4,56.4,76.1,91.7,1203.8,48.0,3.13,23.3,97.2,30.3,0.7,0.91,1
31.8,120.4,227.9,26.5,77.0,74.4,1418.8,26.2,4.95,18.7,82.9,31.6,0.78,0.79,1
33.3,122.5,220.0,31.3,70.1,73.4,2464.7,21.6,4.24,22.0,94.4,20.9,0.83,0.89,1
33.7,85.4,170.0,22.8,78.8,84.8,2250.5,47.9,3.92,21.5,93.3,23.9,0.93,0.79,1
10.9,26.6,41.2,2.9,28.7,30.6,1065.3,31.8,0.93,25.8,47.8,11.1,0.12,0.63,0
15.3,36.9,51.2,15.2,30.8,30.3,1601.9,10.5,1.56,22.3,35.3,9.9,0.34,0.4,0
61.6,105.6,202.5,43.5,74.3,77.7,1489.7,36.8,4.99,20.1,94.9,25.4,0.67,0.81,1
3.7,19.3,31.9,19.9,44.2,48.5,2361.8,24.1,2.15,21.2,63.7,12.2,0.25,0.29,0
8.4,14.5,46.5,6.7,63.1,50.3,884.6,25.8,1.48,20.0,39.0,12.7,0.23,0.55,0
36.0,75.9,144.3,57.1,89.3,82.1,2570.7,33.5,2.75,23.3,81.6,23.7,0.47,0.97,1
3.1,19.3,27.9,14.4,56.1,55.6,773.0,25.4,2.11,19.3,44.9,17.8,0.21,0.53,0
12.3,17.6,26.0,5.6,41.4,38.9,2724.3,10.5,2.08,19.5,48.5,4.1,0.32,0.57,0
32.3,71.9,167.2,44.7,69.3,86.9,2162.5,27.3,3.61,24.5,84.2,30.9,0.64,0.9,1
8.7,31.1,62.9,1.7,62.5,61.4,2371.3,29.8,0.86,27.6,46.6,17.3,0.07,0.27,0
51.9,116.4,201.6,20.7,96.8,73.1,1777.0,22.3,2.54,25.5,90.3,28.5,0.41,0.83,1
8.3,20.7,23.3,13.7,45.1,59.1,2026.2,22.1,0.77,16.8,69.9,12.6,0.11,0.63,0
9.3,11.2,33.1,5.1,57.1,61.1,1600.9,34.5,1.4,26.1,40.3,11.7,0.27,0.24,0
45.9,127.1,227.0,24.0,70.7,78.3,2068.0,44.2,2.89,18.8,89.3,19.1,0.87,0.73,1
11.5,17.4,42.4,17.5,30.1,62.9,1540.6,24.8,0.73,16.6,63.0,14.6,0.09,0.43,0
65.7,151.9,227.8,58.0,84.1,81.5,1596.6,43.4,3.98,21.9,94.5,28.6,0.64,0.76,1
8.9,23.2,31.5,15.9,44.5,42.7,2688.4,12.7,0.93,18.9,41.8,10.4,0.17,0.22,0
5.8,19.4,38.7,7.1,42.9,66.7,1135.6,19.4,0.96,21.3,65.4,6.9,0.33,0.21,0
45.9,122.5,186.2,42.5,74.1,89.8,1076.6,19.6,5.06,25.0,83.1,26.5,0.59,0.95,1
31.3,72.0,146.6,23.3,73.9,94.7,2454.2,47.3,3.63,22.4,81.2,26.0,0.8,0.98,1
4.8,21.6,23.4,2.3,25.2,68.0,1721.4,30.1,1.92,18.8,41.1,8.0,0.2,0.54,0
9.7,11.7,12.3,2.0,41.4,65.5,1626.0,25.9,1.94,19.8,39.3,16.3,0.36,0.28,0
9.2,21.4,43.3,18.9,48.2,50.5,1012.2,11.3,0.61,14.5,64.7,14.1,0.1,0.58,0
2.8,10.3,19.0,7.4,35.2,48.6,723.0,20.2,2.28,16.3,37.1,12.8,0.07,0.58,0
9.2,22.4,42.0,3.4,32.9,42.1,855.9,24.8,0.88,29.5,35.9,15.2,0.37,0.33,0
2.4,6.1,30.5,12.9,56.3,65.6,1135.6,27.3,0.78,27.5,43.4,5.0,0.33,0.38,0
16.6,32.8,36.0,19.0,35.3,42.8,1692.3,20.1,0.59,16.0,51.0,8.9,0.36,0.56,0
2.8,11.9,25.0,3.0,56.9,56.9,832.8,14.8,1.16,24.1,39.9,17.8,0.36,0.38,0
10.4,33.2,52.6,3.5,40.1,62.0,2507.0,26.1,1.67,28.3,71.8,5.3,0.27,0.53,0
13.6,28.8,34.6,15.9,53.8,33.3,1342.4,21.6,0.81,14.3,51.0,11.7,0.3,0.5,0
15.1,20.4,24.7,17.0,31.3,67.0,2759.1,31.1,1.4,15.6,47.1,12.9,0.19,0.62,0
1.2,14.9,35.6,13.1,35.2,43.9,2419.1,31.1,0.85,23.0,65.5,14.0,0.13,0.46,0
15.6,26.4,60.3,9.0,30.7,44.8,2509.8,33.8,1.08,28.1,49.0,5.2,0.34,0.34,0
14.1,25.2,42.1,15.6,40.3,46.8,1757.1,19.4,1.16,26.9,49.5,11.3,0.32,0.32,0
5.0,28.3,53.7,11.5,50.9,31.1,1800.6,25.5,1.42,19.8,38.3,6.7,0.43,0.38,0
8.4,9.7,11.0,14.3,46.5,49.3,970.1,16.1,1.84,17.0,53.4,8.0,0.15,0.49,0
57.5,137.0,206.3,22.9,76.2,95.5,714.0,35.9,4.63,22.1,75.9,23.4,0.95,0.97,1
52.0,109.5,215.7,46.9,69.9,83.2,1565.4,25.2,3.91,22.7,83.2,15.3,0.7,0.92,1
12.0,20.4,53.2,18.2,33.4,31.5,2729.3,28.5,1.99,28.2,59.0,11.4,0.06,0.31,1
8.3,24.0,43.5,14.9,36.2,51.5,2250.4,12.2,1.24,25.1,74.6,7.9,0.25,0.35,0
7.9,29.4,53.3,17.6,33.1,63.2,1324.0,11.5,2.1,19.0,55.5,17.2,0.07,0.36,0
15.4,25.3,32.3,8.5,40.4,64.8,2774.4,29.0,1.41,21.4,37.3,7.7,0.22,0.27,0
72.4,148.4,207.2,43.6,89.6,94.6,2171.8,44.4,4.05,22.5,87.7,14.3,0.48,0.82,1
38.4,69.7,160.3,21.3,85.9,84.9,820.8,47.1,3.95,22.4,94.3,31.9,0.66,0.76,1
70.3,111.8,194.9,36.2,69.2,80.3,2502.7,26.0,4.56,20.1,93.7,13.1,0.72,0.67,1
71.7,147.7,233.7,53.0,87.4,95.3,1682.6,39.4,5.27,18.9,87.1,14.5,0.76,0.81,1
56.1,86.7,140.4,39.7,96.5,81.2,1847.2,30.7,4.64,20.4,84.4,16.4,0.98,0.69,1
6.7,7.3,15.1,15.6,33.0,33.0,786.5,21.9,0.52,26.9,65.9,16.8,0.39,0.51,0
27.6,104.6,203.8,52.0,83.3,77.6,2563.4,43.4,4.68,19.2,80.2,16.2,0.88,0.71,1
28.3,118.2,160.0,53.4,79.0,92.2,2459.8,34.6,5.2,18.1,76.7,17.0,0.8,0.94,1
8.3,23.5,30.1,16.1,63.7,40.2,1830.1,22.4,0.66,22.0,40.8,10.2,0.18,0.43,0
10.5,10.8,37.4,14.3,39.7,32.0,1128.3,28.9,2.22,19.2,42.4,12.1,0.11,0.36,1
59.9,123.5,190.5,36.8,84.9,72.1,848.0,20.4,5.14,23.7,96.2,17.4,0.62,0.84,1
15.9,39.4,65.3,1.7,51.8,45.6,1020.3,21.8,0.59,26.6,53.2,8.2,0.2,0.58,0
13.5,20.3,24.4,5.0,61.8,52.1,1405.3,23.3,1.57,26.9,55.9,5.6,0.1,0.44,0
16.9,24.6,55.0,15.3,34.9,31.4,1039.3,12.5,1.81,19.9,55.1,14.2,0.1,0.38,0
49.3,111.7,209.0,26.9,92.2,88.6,1482.8,34.7,4.6,19.1,90.3,22.5,0.78,0.76,1
16.3,31.0,34.0,9.0,55.3,60.2,1188.9,22.4,2.11,20.6,70.9,16.5,0.32,0.59,0
1.6,23.2,34.4,3.6,34.6,45.9,897.0,16.3,1.08,18.7,57.9,10.2,0.19,0.54,0
16.1,35.0,46.6,14.9,31.1,35.0,1142.0,18.6,1.95,15.0,40.3,16.0,0.3,0.31,0
10.0,23.2,46.1,4.7,59.6,41.8,1419.8,27.4,0.53,19.6,56.7,5.0,0.37,0.3,0
12.2,32.3,51.9,14.8,51.5,43.5,1856.7,30.2,1.03,25.9,50.2,8.2,0.23,0.57,0
16.7,30.4,53.5,18.1,28.9,38.8,2485.5,27.7,1.98,20.6,38.6,10.1,0.14,0.33,1
13.9,15.8,44.8,8.6,48.8,33.4,2715.4,18.4,0.66,26.9,53.4,7.1,0.42,0.36,0
33.0,96.8,202.9,20.2,75.1,94.5,1783.4,23.1,2.84,24.9,86.0,31.9,0.81,0.67,1
17.9,28.1,38.1,11.2,37.2,33.3,2441.1,10.0,1.31,23.2,75.0,8.0,0.16,0.27,0
3.0,10.1,37.8,18.1,64.0,38.8,848.2,32.0,1.09,27.9,60.4,6.3,0.22,0.33,0
13.3,24.6,59.2,1.1,39.2,48.3,2204.3,22.6,1.07,28.0,72.5,15.3,0.39,0.45,0
14.9,22.5,36.4,6.3,43.7,40.9,815.7,34.0,1.06,22.4,37.3,5.5,0.14,0.41,0
7.8,27.8,53.7,8.5,38.3,42.0,628.2,29.3,0.59,26.7,54.1,5.8,0.14,0.62,0
15.5,33.2,50.1,10.4,64.0,66.7,1033.9,15.4,1.96,17.4,62.0,9.7,0.42,0.24,0
9.2,32.2,63.8,3.1,39.7,53.5,2612.4,14.0,2.24,16.7,39.8,5.2,0.41,0.29,0
7.5,18.7,39.7,1.4,34.1,65.4,642.7,32.7,1.91,19.2,60.1,7.9,0.41,0.49,1
28.6,113.1,220.2,23.1,84.0,79.3,1798.3,29.8,3.04,25.7,86.6,13.7,0.77,0.76,1
67.8,123.9,177.4,27.6,91.1,78.4,1311.2,41.0,3.12,21.7,96.7,30.6,0.52,0.77,1
2.7,15.4,31.6,18.0,62.2,44.6,2374.8,22.3,2.11,14.1,47.8,9.9,0.14,0.29,0
26.9,95.5,153.9,22.1,74.9,91.2,1490.5,43.5,3.95,25.8,79.6,16.3,0.58,0.71,1
6.8,29.6,51.1,8.2,62.4,31.8,1954.2,15.3,1.52,14.6,51.1,13.1,0.33,0.49,0
5.8,8.1,23.1,2.6,62.9,48.1,1695.5,17.9,1.88,19.0,67.5,16.1,0.32,0.22,0
10.2,29.3,34.1,4.6,60.3,30.8,1582.9,28.8,1.35,14.1,67.8,9.0,0.27,0.5,0
60.1,147.5,224.7,36.0,96.6,87.4,2300.9,26.9,2.88,20.9,90.2,21.4,0.52,0.85,1
1.1,11.4,30.6,8.7,54.9,61.5,1027.1,29.3,0.57,22.6,72.4,15.7,0.39,0.34,0
46.5,104.7,155.7,21.2,96.4,77.8,2464.2,25.2,2.75,22.6,90.3,30.2,0.61,0.86,1
0.7,5.4,34.5,15.3,39.0,44.3,1130.7,23.3,0.5,17.3,45.0,15.3,0.16,0.29,0
50.2,132.2,189.0,23.1,78.7,89.9,2523.2,34.5,4.95,24.3,88.9,21.9,0.42,0.97,1
6.9,10.7,34.0,5.7,48.4,52.3,1182.9,21.1,2.01,21.2,56.5,13.3,0.36,0.38,0
11.6,15.4,48.0,7.7,54.2,30.8,2532.2,15.1,1.38,22.4,72.2,10.8,0.25,0.25,0
65.1,110.0,212.9,56.4,96.3,84.5,948.9,38.3,4.84,22.8,75.8,22.0,0.49,0.71,1
6.6,17.4,39.2,1.5,45.1,36.9,1824.8,24.3,1.65,25.8,48.4,14.7,0.22,0.42,0
57.4,88.5,174.3,44.7,77.3,74.1,2009.6,20.7,5.27,19.0,83.2,23.8,0.9,0.66,1
4.3,26.5,26.8,4.0,63.4,53.3,662.0,16.5,0.62,17.9,70.3,9.8,0.34,0.61,0
45.4,86.9,163.1,56.3,92.1,73.6,2424.2,38.8,4.22,19.0,87.3,29.6,0.65,0.81,1
1.3,8.2,19.6,18.9,36.3,47.5,1670.2,26.8,0.79,25.8,69.7,12.8,0.32,0.26,0
72.3,110.2,204.5,30.6,96.0,89.3,1541.8,40.6,3.16,22.9,92.7,14.1,0.98,0.94,1
4.9,25.4,43.6,9.2,37.6,52.1,1984.3,28.2,1.24,25.2,63.4,4.7,0.39,0.41,0
4.7,10.8,27.7,17.7,40.1,58.5,2781.7,12.4,1.36,26.3,43.4,11.0,0.14,0.38,0
14.0,33.3,41.3,18.4,48.7,44.4,1831.8,22.5,1.59,21.8,55.2,6.5,0.38,0.44,0
2.4,21.5,54.1,18.9,39.8,35.1,2654.8,23.0,0.7,16.9,45.1,9.7,0.2,0.56,0
8.2,12.5,21.8,10.2,30.9,53.2,2663.0,24.1,1.79,28.6,72.8,7.4,0.1,0.34,0
69.8,158.1,258.2,24.4,96.4,82.2,787.5,18.3,3.83,22.4,82.8,21.5,0.77,0.94,1
58.1,114.1,211.5,56.2,71.6,84.8,1970.2,26.5,2.64,24.9,78.7,28.2,0.91,0.95,1
38.3,122.5,184.9,42.1,69.5,73.1,1187.0,39.6,3.83,19.5,90.4,12.0,0.88,0.68,1
3.4,13.1,30.1,7.1,37.8,66.6,1546.4,26.0,0.54,28.0,47.1,5.3,0.35,0.47,0
10.3,11.6,16.5,12.5,33.3,49.2,2686.5,23.6,1.01,27.5,63.9,5.1,0.09,0.42,0
2.9,27.3,32.9,9.7,39.6,54.3,1204.4,13.2,1.27,28.2,36.6,16.8,0.38,0.33,0
14.2,15.0,48.8,10.5,37.1,43.8,686.4,11.7,2.28,24.5,52.7,17.3,0.15,0.44,0
8.7,26.3,28.6,3.9,33.6,58.0,1073.5,14.7,1.53,27.8,72.7,11.3,0.19,0.31,0
0.9,7.6,30.5,10.7,62.8,45.1,1727.7,27.3,1.38,18.3,53.2,10.6,0.33,0.62,0
5.9,7.0,24.4,10.9,31.7,58.9,1033.6,34.6,2.2,28.0,63.2,10.4,0.27,0.58,1
8.6,18.0,35.2,11.6,32.6,64.2,818.9,26.9,1.64,23.7,39.8,5.1,0.26,0.38,0
54.4,89.8,160.0,27.0,97.6,85.5,880.0,38.6,3.48,25.8,81.6,20.5,0.79,0.66,1
65.5,127.7,187.2,22.5,72.9,93.5,824.6,38.6,3.25,23.5,88.2,20.1,0.62,0.72,1
58.5,146.7,199.0,43.9,80.7,82.7,1622.0,25.6,4.98,22.3,82.0,15.6,0.45,0.89,1
34.8,106.2,173.5,36.6,82.1,80.8,1961.1,21.0,3.43,23.3,81.6,21.2,0.52,0.72,1
0.4,22.8,30.2,4.6,36.2,34.8,895.2,26.0,0.64,24.3,48.6,13.9,0.27,0.32,0
11.7,14.6,33.4,8.7,35.7,53.0,1937.1,31.8,2.3,20.5,44.0,7.6,0.24,0.37,1
70.7,122.8,188.9,35.3,93.1,87.6,2254.0,36.4,3.5,18.3,95.0,22.3,0.64,0.81,1
12.0,12.3,42.8,8.9,38.7,35.3,1488.0,21.0,1.39,24.9,51.8,17.5,0.29,0.56,0
2.0,11.9,23.7,11.4,59.4,33.0,1068.3,11.8,2.03,24.7,56.7,15.7,0.1,0.26,0
52.8,139.6,208.7,33.1,86.2,94.3,742.9,43.1,5.49,18.9,89.0,28.4,0.57,0.73,1
14.2,15.6,28.5,10.1,47.4,57.7,1887.8,18.9,1.6,22.8,60.6,7.6,0.08,0.25,0
4.0,16.5,46.0,14.0,56.6,43.3,1022.1,20.1,1.21,15.0,58.6,17.8,0.12,0.22,0
64.0,109.1,207.2,48.2,96.4,81.8,1898.1,37.9,3.89,21.6,79.3,22.2,0.72,0.92,1
13.2,29.8,33.8,14.4,45.0,64.0,2405.4,33.0,0.6,14.6,49.7,11.6,0.11,0.54,0
0.2,4.4,24.7,14.3,61.7,56.8,602.8,26.8,1.21,15.9,56.4,13.5,0.22,0.53,0
51.1,85.5,139.0,53.6,89.7,93.5,1097.9,21.5,5.47,18.1,97.9,17.6,0.8,0.71,1
54.0,138.3,200.7,46.8,73.6,87.0,1295.0,28.1,3.13,19.4,95.7,19.9,0.55,0.8,1
41.0,115.7,223.7,37.5,93.8,85.6,1675.5,22.7,4.57,23.2,95.5,20.8,0.94,0.9,1
8.8,23.9,35.3,19.7,51.7,31.7,723.9,18.2,1.62,14.4,53.0,8.7,0.23,0.32,0
3.0,20.2,38.2,4.0,37.8,52.5,761.1,11.8,0.77,27.0,65.1,14.5,0.34,0.5,0
8.6,24.6,26.0,12.4,56.1,49.0,2014.2,18.9,1.0,25.1,69.8,8.8,0.36,0.45,0
15.9,29.1,47.2,11.6,55.0,66.7,2662.6,11.8,0.6,22.5,59.6,10.8,0.09,0.55,0
62.4,111.1,172.5,53.5,70.2,93.1,2478.4,25.7,4.28,23.4,84.5,25.8,0.61,0.74,1
17.9,36.7,59.3,7.1,27.0,31.2,1782.2,23.9,1.87,27.5,36.3,9.1,0.14,0.4,0
1.3,25.2,33.0,18.4,42.0,67.4,611.8,23.9,2.18,26.0,71.1,6.0,0.09,0.39,0
71.7,134.2,211.1,25.6,68.0,91.4,2437.8,20.6,4.4,19.7,90.3,13.6,0.76,0.7,1
13.2,20.8,37.0,12.0,31.9,58.2,948.2,17.6,1.69,25.0,40.1,10.0,0.15,0.54,0
4.7,26.8,58.0,3.9,49.6,33.3,2050.7,19.8,1.78,24.0,46.3,9.3,0.09,0.52,0
9.1,26.8,35.5,6.5,38.4,31.0,2574.1,18.5,1.95,22.3,53.2,4.4,0.4,0.21,0
72.2,131.6,195.5,57.0,68.7,86.0,1514.9,34.5,3.16,23.2,91.7,12.0,0.96,0.7,1
4.2,10.8,12.1,2.5,64.5,42.0,2182.8,12.9,0.69,27.7,45.3,4.3,0.14,0.23,0
1.9,12.6,20.7,10.3,35.1,65.7,1379.7,32.6,1.52,20.1,51.5,14.2,0.23,0.59,0
17.0,25.4,45.0,1.9,33.0,45.7,948.2,15.2,2.08,21.3,59.2,13.7,0.2,0.59,0
10.2,21.2,23.6,9.3,57.8,53.4,860.6,30.8,1.39,14.2,47.1,13.8,0.37,0.33,0
8.9,19.4,33.8,4.6,30.5,37.5,620.2,11.4,0.86,24.0,47.7,17.6,0.13,0.36,0
6.4,6.7,36.0,0.6,62.6,63.9,2038.3,23.4,1.48,20.2,60.9,4.6,0.07,0.41,0
9.9,32.1,35.8,16.5,33.4,45.0,931.1,17.9,1.22,22.1,67.1,10.2,0.25,0.58,0
12.7,25.0,34.0,17.7,48.1,38.4,697.1,16.7,1.95,29.9,40.2,15.1,0.21,0.42,0
15.9,26.2,45.0,1.0,25.1,39.3,850.3,27.0,0.72,20.6,60.9,14.0,0.12,0.24,0
72.0,117.7,217.4,54.5,91.2,76.1,1833.8,42.7,4.81,20.7,81.0,14.4,0.71,0.84,1
6.5,18.4,31.1,12.8,61.1,36.2,1974.9,19.5,0.75,25.7,72.3,7.9,0.43,0.23,0
10.9,12.3,43.6,10.6,51.8,61.6,2533.5,13.8,0.57,19.0,40.2,10.6,0.29,0.21,0
4.9,5.8,20.5,17.9,64.3,54.2,1735.7,14.0,2.13,16.5,71.9,14.6,0.34,0.52,0
3.6,8.9,33.0,4.4,42.5,59.7,2342.8,29.6,1.32,27.4,61.2,7.2,0.16,0.34,0
2.1,8.9,16.3,9.1,61.3,34.0,810.7,28.0,1.74,28.8,57.7,9.1,0.35,0.32,0
12.5,13.5,42.9,9.0,50.5,38.4,1641.1,26.9,1.89,23.9,53.3,16.5,0.25,0.58,1
14.4,24.7,32.7,8.1,58.0,38.7,1377.7,23.1,1.95,24.3,44.8,5.5,0.37,0.24,0
38.6,119.9,184.1,58.9,97.4,78.4,1556.9,19.2,4.62,18.8,91.3,12.6,0.92,0.7,1
2.3,6.7,40.3,13.9,57.1,45.1,1657.4,18.4,0.92,22.8,60.3,7.6,0.43,0.28,0
17.4,17.8,34.6,6.7,43.0,51.7,2212.0,20.9,1.25,25.0,68.3,7.5,0.29,0.46,0
6.7,18.8,29.8,2.8,33.6,34.0,2691.3,27.1,1.69,25.7,37.1,16.4,0.4,0.4,0
10.5,34.9,53.6,18.1,28.3,37.3,2395.7,21.0,1.55,29.8,50.6,4.7,0.37,0.47,0
3.6,15.9,41.9,15.4,45.0,41.6,1498.1,34.3,1.69,18.5,64.2,7.4,0.12,0.44,1
39.5,107.2,155.5,46.2,76.5,72.0,2348.0,21.8,5.3,19.9,92.9,24.2,0.98,0.77,1
12.3,13.9,27.7,19.3,46.6,40.9,2018.7,13.0,1.77,20.0,73.0,4.3,0.17,0.61,0
5.8,12.1,30.8,16.5,29.1,65.8,2166.4,29.9,0.83,20.2,51.1,15.0,0.44,0.26,0
46.0,104.9,171.2,34.5,69.6,88.5,2250.5,31.1,3.08,24.4,86.2,18.0,0.78,0.75,1
4.2,22.5,23.9,1.9,25.3,35.8,1235.4,11.7,2.29,16.4,44.6,17.1,0.26,0.36,0
68.7,122.4,185.8,28.3,79.3,79.6,1796.7,38.3,3.37,18.5,79.4,20.1,0.96,0.77,1
12.0,18.3,22.8,1.2,37.2,36.0,634.8,14.4,1.87,22.9,50.2,11.1,0.28,0.34,0
5.3,23.6,54.1,3.9,28.9,64.1,1391.0,18.7,1.49,16.0,58.6,11.4,0.13,0.4,0
14.3,29.1,32.5,11.0,53.1,60.1,2162.4,25.7,0.77,24.8,36.0,9.8,0.18,0.5,0
35.8,101.3,205.2,51.9,95.6,95.5,1484.4,18.3,4.37,24.9,80.8,31.6,0.77,0.91,1
1.5,6.1,32.7,0.4,57.7,30.5,1945.3,26.4,1.16,25.1,48.7,5.5,0.08,0.47,0
51.0,125.6,201.2,36.9,79.9,72.6,2359.8,28.1,5.43,20.6,88.5,28.9,0.66,0.66,1
28.7,89.3,197.2,47.7,70.1,76.5,1873.6,41.1,5.02,23.2,75.7,28.6,0.87,0.74,1
12.8,18.1,19.5,4.0,32.1,42.8,1648.9,20.5,1.42,18.3,36.2,12.5,0.21,0.33,0
15.6,34.3,64.3,9.9,30.2,56.5,743.0,15.2,1.29,27.2,40.0,16.6,0.4,0.41,0
13.4,28.9,57.0,8.6,56.4,47.6,1617.8,33.5,1.38,26.6,67.9,11.8,0.12,0.41,1
17.4,36.2,64.6,0.7,43.7,54.6,2475.4,30.8,0.59,22.8,42.9,8.4,0.16,0.44,0
27.6,67.1,164.0,25.3,75.0,82.9,1549.9,33.5,4.79,24.3,89.2,14.3,0.49,0.79,1
44.8,119.5,200.1,35.5,73.1,77.4,1678.4,35.3,3.77,19.4,90.2,29.1,0.55,0.81,1
17.6,25.9,46.7,1.8,49.2,33.4,2334.0,34.0,1.79,25.3,58.6,10.3,0.39,0.63,1
50.0,135.8,216.7,41.5,81.6,77.0,1668.5,18.1,3.22,21.0,85.3,31.6,0.61,0.8,1
2.4,3.6,30.7,11.4,55.4,35.7,1101.7,24.3,0.96,14.2,40.2,8.3,0.1,0.64,0
5.6,8.8,15.8,11.8,27.6,62.8,1590.2,34.0,0.94,14.4,60.6,9.8,0.16,0.29,0
11.8,22.2,28.5,13.8,47.6,62.6,2081.7,12.9,1.91,15.8,62.8,10.2,0.43,0.26,0
11.6,21.1,54.6,6.6,63.5,64.3,2790.3,16.8,1.95,18.0,52.5,11.3,0.17,0.21,1
4.0,11.0,26.5,3.4,59.9,56.8,2038.0,12.1,1.67,29.3,35.1,7.5,0.42,0.62,0
13.0,32.1,35.3,10.3,34.3,36.9,1631.0,30.3,0.74,29.0,42.4,17.7,0.45,0.45,0
3.1,11.0,25.8,6.2,36.2,66.9,600.9,13.8,1.82,23.5,71.6,8.0,0.12,0.49,0
60.6,131.9,194.3,30.1,96.7,94.2,1559.4,31.7,5.04,21.4,78.6,20.5,0.72,0.66,1
47.2,124.1,211.7,45.4,95.3,72.4,1728.5,34.7,4.86,20.6,78.1,29.8,0.68,0.94,1
10.5,27.4,55.5,13.2,40.9,49.5,1453.9,30.1,1.17,15.5,71.6,5.3,0.31,0.39,0
45.3,116.1,160.8,43.7,91.2,91.9,1946.7,23.1,5.19,25.1,86.2,22.8,0.95,0.95,1
8.1,14.9,28.7,7.8,36.5,40.2,2090.7,31.5,0.63,16.8,48.8,4.9,0.16,0.55,0
15.9,21.5,37.7,9.4,59.9,59.0,2464.2,22.8,1.71,14.2,51.1,16.7,0.35,0.44,0
9.5,18.2,36.4,13.1,41.7,57.1,1593.4,31.5,0.78,20.5,62.5,7.5,0.31,0.59,0
7.5,30.3,65.1,2.1,34.3,66.1,633.0,34.0,0.68,16.6,74.8,6.5,0.25,0.58,0
0.4,15.5,25.2,17.2,36.3,56.1,676.6,26.9,0.9,20.5,46.6,15.3,0.37,0.41,0
10.9,26.0,55.0,8.5,36.0,40.1,1568.3,23.4,1.31,15.5,63.7,7.0,0.13,0.39,0
4.1,18.7,31.7,9.0,46.5,37.7,1554.2,13.9,2.08,20.6,36.4,11.0,0.27,0.45,0
60.4,101.0,158.7,52.4,96.4,75.3,814.1,32.9,3.14,20.6,78.3,26.2,0.72,0.7,1
25.5,104.0,156.3,44.2,78.1,86.1,1123.6,27.5,2.76,19.5,84.8,25.2,0.56,0.65,1
50.9,117.3,224.7,43.6,82.1,85.8,1313.7,45.8,4.99,19.9,81.0,22.1,0.85,0.82,1
28.4,101.8,198.2,31.6,87.9,82.2,1698.3,44.7,5.04,23.5,95.3,21.9,0.59,0.9,1
36.0,89.3,189.9,49.0,80.1,77.2,1034.6,28.7,3.35,23.9,80.8,21.1,0.63,0.97,1
7.0,9.0,12.2,11.8,49.0,45.9,1736.4,20.8,0.6,22.1,41.0,5.5,0.1,0.25,0
11.0,15.9,24.7,3.5,63.3,62.5,1061.8,15.8,1.09,21.9,35.8,13.4,0.26,0.6,0
33.2,111.5,206.9,25.1,80.0,76.1,1756.8,25.6,3.29,21.3,96.8,14.5,0.98,0.73,1
63.6,114.0,164.0,54.3,77.3,87.8,1642.1,35.0,3.92,23.9,77.0,25.4,0.94,0.67,1
2.5,20.4,35.8,8.1,30.5,49.3,2280.0,13.2,1.36,18.1,54.2,17.9,0.32,0.58,0
7.5,26.7,28.1,2.5,33.1,45.3,2040.2,31.1,1.12,25.3,58.4,9.0,0.28,0.35,0
1.5,26.3,30.8,1.4,60.1,41.5,1461.2,26.3,1.09,18.2,48.7,9.7,0.34,0.43,0
17.0,18.0,35.6,11.7,61.8,31.9,1132.2,24.3,2.04,28.0,35.8,14.3,0.42,0.5,1
47.0,79.6,184.1,38.8,68.9,88.6,1107.1,32.5,2.87,18.5,88.2,24.4,0.7,0.92,1
68.1,135.0,175.9,47.8,80.5,85.6,2442.5,37.5,3.55,19.1,90.4,12.1,0.95,0.69,1
29.7,79.7,145.9,28.6,85.6,82.6,2239.8,19.0,3.46,23.5,91.7,26.0,0.59,0.68,1
38.6,118.5,227.2,39.8,68.3,75.4,842.7,27.7,4.24,25.5,83.4,30.3,0.87,0.9,1
55.3,122.9,207.6,45.1,84.6,95.7,2357.7,40.0,4.83,19.7,76.9,21.7,0.71,0.92,1
47.2,111.4,188.3,21.5,86.5,91.9,1827.9,22.7,4.28,19.3,77.8,31.6,0.64,0.73,1
3.1,19.8,41.1,12.9,28.5,64.0,1617.2,19.7,1.06,20.2,69.5,17.0,0.17,0.59,0
64.1,149.9,207.1,43.1,76.2,91.8,1344.5,18.2,4.19,20.6,89.8,29.0,0.77,0.93,1
4.8,17.8,33.5,0.2,47.3,55.1,1856.9,24.8,1.83,15.1,39.7,12.4,0.16,0.24,0
7.7,21.6,33.1,14.4,50.8,42.6,2002.4,28.9,1.67,22.9,35.5,13.8,0.2,0.62,0
14.7,29.4,38.2,4.1,38.6,48.1,963.8,17.4,1.43,29.6,39.3,17.0,0.42,0.44,0
61.2,117.4,201.5,33.6,77.0,85.9,1244.7,32.9,4.24,20.9,76.9,13.0,0.55,0.67,1
1.9,22.2,23.6,13.2,35.9,63.1,1738.8,22.1,1.05,20.1,57.6,5.6,0.45,0.39,0
6.3,24.0,36.8,16.7,43.2,57.3,2218.6,12.7,2.02,17.4,40.8,8.4,0.44,0.32,0
8.2,9.0,22.9,11.4,63.1,49.6,689.7,30.5,1.48,19.0,58.0,17.3,0.39,0.3,0
4.0,9.0,41.3,17.1,56.0,44.9,1157.5,22.6,1.34,22.1,36.2,5.8,0.4,0.54,0
7.6,20.5,33.5,14.8,56.4,59.0,1343.5,28.1,0.87,21.5,48.2,14.6,0.18,0.26,0
7.2,31.7,39.6,12.2,42.3,32.7,1729.1,22.2,1.76,28.0,46.6,5.2,0.42,0.37,0
53.8,131.3,194.0,48.6,72.1,79.0,1123.0,22.3,4.93,23.7,96.7,22.6,0.72,0.8,1
41.3,99.8,182.0,59.4,96.1,92.7,1949.1,44.7,3.9,25.2,84.0,31.2,0.65,0.85,1
12.8,36.5,45.1,14.9,45.8,40.2,2054.1,29.4,1.49,19.2,54.3,12.6,0.21,0.29,0
17.3,30.1,55.8,8.2,39.2,45.5,1795.6,20.2,1.48,22.0,40.4,10.9,0.12,0.26,0
16.8,31.9,55.0,8.0,61.4,54.2,2712.0,29.2,1.16,27.1,69.2,6.4,0.16,0.33,0
4.9,26.3,27.4,1.5,36.0,37.6,1838.9,15.8,1.94,14.1,52.2,9.7,0.1,0.5,0
60.1,133.4,224.4,20.0,96.6,91.5,2474.3,45.1,2.55,24.5,94.3,13.9,0.84,0.97,1
12.2,26.5,59.6,8.9,49.0,48.1,1702.5,33.3,0.64,25.0,66.7,12.2,0.41,0.62,0
28.2,82.4,124.0,33.2,84.1,93.9,876.8,43.4,2.88,22.7,87.2,17.3,0.94,0.96,1
45.1,128.5,195.4,49.5,82.3,74.9,2095.5,45.8,3.86,20.9,75.4,14.0,0.7,0.88,1
6.0,23.4,47.9,14.1,44.7,64.8,1038.6,22.2,1.31,18.9,36.7,12.9,0.15,0.34,0
63.5,113.2,170.1,26.8,91.2,75.1,2006.0,31.6,4.02,23.1,93.6,12.9,0.58,0.74,1
2.6,9.9,20.7,10.4,51.5,44.5,1238.6,28.0,1.11,22.7,35.9,5.1,0.22,0.62,0
61.1,96.4,195.6,49.3,86.3,91.7,1672.8,30.1,3.16,22.4,87.4,23.3,0.97,0.95,1
15.8,35.8,68.8,2.0,35.6,48.8,2245.7,31.2,1.41,16.2,45.1,14.2,0.12,0.36,1
4.8,13.5,38.3,7.4,47.2,33.8,2026.8,30.1,1.17,25.6,43.4,16.4,0.3,0.39,0
3.3,26.8,53.3,4.2,38.5,60.8,1570.6,27.4,1.88,25.5,50.5,7.0,0.3,0.64,1
40.5,98.2,185.4,41.7,93.3,90.3,2129.6,19.7,5.5,24.9,90.0,29.1,0.47,0.76,1
15.8,20.8,23.6,15.8,58.4,36.2,1744.2,31.4,1.74,27.3,51.8,6.7,0.16,0.43,0
9.6,29.7,57.4,11.6,56.2,37.3,766.2,11.3,2.07,17.9,62.8,9.7,0.4,0.33,0
0.2,7.7,28.0,7.5,46.4,63.3,1616.7,32.8,0.98,22.8,73.0,18.0,0.14,0.53,0
6.8,7.0,7.3,9.2,44.5,30.9,1831.8,27.2,1.03,18.8,41.7,9.7,0.14,0.44,0
3.6,16.3,21.8,13.4,55.2,34.2,1916.0,21.7,0.63,18.2,56.1,11.2,0.42,0.45,0
54.1,108.2,214.7,51.1,76.6,92.3,2263.5,31.0,4.99,19.5,91.1,17.8,0.58,0.75,1
13.1,18.8,18.8,14.3,31.8,34.0,1647.0,15.9,1.18,14.7,73.8,14.0,0.18,0.34,0
8.1,23.7,28.9,3.8,59.4,39.7,2058.9,19.5,2.07,19.5,62.3,4.3,0.34,0.42,0
14.6,38.5,70.9,18.2,45.5,43.7,2544.8,21.6,1.74,17.3,71.7,15.4,0.44,0.6,1
5.0,7.7,11.6,5.8,49.6,60.6,612.4,32.5,1.62,17.0,39.0,9.1,0.25,0.22,0
42.4,83.2,168.5,38.6,82.9,82.3,1681.7,46.7,3.14,23.9,87.8,30.6,0.63,0.8,1
29.4,96.0,156.1,26.4,84.3,84.8,1885.2,20.3,4.59,19.5,85.8,26.4,0.72,0.78,1
5.8,21.1,53.9,13.4,28.0,47.5,2775.5,32.3,0.67,29.2,38.1,17.1,0.2,0.58,0
45.9,102.4,186.8,51.0,69.0,86.2,1361.1,23.6,3.54,21.8,82.7,14.1,0.49,0.66,1
48.5,135.8,183.9,57.9,90.0,87.3,903.1,37.4,4.98,22.0,91.0,23.7,0.9,0.67,1
59.5,121.6,188.1,33.6,86.6,93.4,1464.1,32.9,4.97,18.8,76.4,13.0,0.63,0.76,1
60.9,135.5,179.0,28.8,76.2,85.1,2493.2,22.3,2.9,24.4,79.2,20.1,0.61,0.91,1
9.2,12.4,38.2,7.9,35.5,44.3,1132.2,22.4,1.12,20.4,35.8,14.8,0.12,0.22,0
11.8,31.1,59.6,9.9,33.2,58.0,2587.5,27.5,0.94,15.7,74.3,16.0,0.33,0.62,0
61.1,102.5,173.5,22.9,79.7,89.8,1831.2,29.6,3.49,25.0,76.1,19.7,0.49,0.88,1
30.3,100.2,160.2,28.0,96.1,72.4,1618.8,31.1,2.56,22.0,82.4,14.6,0.63,0.87,1
14.1,27.4,48.0,4.0,36.5,36.2,1742.8,16.2,0.9,23.0,72.8,6.7,0.31,0.57,0
10.1,16.5,25.6,0.8,37.2,58.3,2153.7,11.2,0.89,26.5,53.2,13.8,0.21,0.27,0
7.2,21.7,54.8,1.4,45.3,42.5,1288.7,22.7,0.54,27.1,57.2,10.3,0.16,0.33,0
6.9,27.8,61.6,8.8,40.7,62.2,1108.1,20.7,1.49,25.9,56.3,15.3,0.36,0.3,0
12.9,32.9,45.0,3.5,25.1,47.1,1013.7,18.8,1.5,27.8,45.3,7.2,0.24,0.42,0
3.9,10.7,16.6,14.4,55.8,47.6,904.2,27.9,1.82,29.5,67.8,6.9,0.12,0.26,0
2.5,21.2,37.6,15.7,54.9,53.0,1285.9,27.2,0.53,24.2,35.4,4.5,0.39,0.51,0
4.8,22.0,49.7,6.1,26.4,65.4,1682.1,18.6,0.69,26.3,43.9,7.8,0.15,0.65,0
3.6,17.9,50.3,2.9,63.8,66.0,1994.9,32.1,0.89,26.2,74.4,6.5,0.36,0.35,0
3.2,13.7,41.5,9.3,46.5,67.8,1403.5,20.0,1.61,20.3,62.8,17.1,0.27,0.55,0
1.6,6.9,24.5,0.4,35.1,49.7,1730.9,10.4,0.98,23.2,72.0,13.0,0.22,0.62,0
14.1,19.1,23.7,13.5,47.4,60.0,2770.0,28.5,1.63,22.5,39.5,15.6,0.15,0.55,0
17.2,34.6,55.5,9.2,39.6,43.4,2092.7,25.9,1.85,17.2,54.8,15.1,0.24,0.44,1
13.9,30.4,44.7,17.9,31.5,67.8,2558.0,13.0,0.53,17.9,64.2,15.4,0.39,0.65,0
39.7,112.3,160.4,36.3,93.4,80.8,1927.3,35.7,4.01,25.8,76.3,23.5,0.92,0.81,1
28.9,92.6,155.8,26.2,93.5,84.5,2016.6,46.0,4.92,18.0,84.8,15.9,0.95,0.71,1
39.3,100.3,158.7,28.4,86.0,74.1,2069.3,19.7,3.62,22.4,84.7,23.3,0.62,0.96,1
1.0,17.8,49.0,16.1,32.4,41.2,2386.1,27.9,0.65,25.5,64.2,5.4,0.34,0.51,0
15.0,16.0,16.8,7.5,31.0,51.2,2458.9,32.9,1.2,14.0,41.7,4.4,0.18,0.61,0
29.8,96.2,167.8,57.5,71.7,77.1,1227.9,18.9,3.8,25.0,88.9,24.3,0.72,0.68,1
47.3,137.2,235.7,55.7,92.7,74.5,1276.7,24.8,2.51,18.9,85.9,25.5,0.92,0.9,1
16.9,18.2,18.7,13.2,36.6,39.6,1725.2,18.3,0.99,21.0,55.5,13.4,0.2,0.31,0
3.0,11.7,37.7,15.1,51.7,38.9,1665.4,24.7,1.53,22.8,54.7,11.9,0.34,0.25,0
13.5,16.9,19.2,19.5,63.3,32.3,1667.8,21.1,0.84,27.3,73.0,12.9,0.19,0.47,0
5.6,28.4,58.8,11.2,38.0,41.1,1590.8,10.8,1.97,19.2,53.8,15.5,0.1,0.59,0
16.2,39.8,53.7,4.3,39.9,42.7,1648.6,14.4,1.59,27.9,36.3,13.0,0.36,0.54,0
69.3,143.0,248.0,33.3,83.1,72.3,891.5,18.2,3.22,20.1,79.1,12.6,0.95,0.65,1
61.8,100.9,204.8,55.7,87.6,88.1,2367.9,18.2,5.45,25.2,90.2,18.9,0.94,0.75,1
10.1,12.6,44.9,2.8,34.0,51.2,1110.7,29.1,1.61,14.0,65.3,17.8,0.37,0.41,0
16.3,26.5,44.9,9.5,42.9,59.5,1167.9,23.2,1.07,14.6,58.3,7.2,0.11,0.49,0
59.1,134.2,209.4,55.8,96.1,91.4,2567.6,37.1,3.41,20.2,79.7,20.8,0.43,0.97,1
54.4,117.8,203.7,39.9,69.0,86.7,2138.9,39.5,3.75,19.8,80.1,15.2,0.62,0.93,1
14.9,24.5,45.1,14.4,34.6,36.4,2759.1,34.3,1.61,19.4,63.1,7.1,0.15,0.43,0
5.8,9.9,19.1,0.7,53.2,48.7,825.6,12.4,0.81,23.8,38.8,14.6,0.06,0.31,0
16.0,34.0,36.5,16.4,44.7,62.2,2785.7,25.0,1.73,17.7,60.0,10.4,0.07,0.21,0
2.1,18.4,38.2,11.1,26.3,47.8,1974.8,33.1,1.22,26.5,66.4,11.3,0.39,0.38,0
16.0,22.0,31.8,1.1,56.8,45.8,2583.1,15.7,0.92,27.3,57.1,12.6,0.24,0.38,0
16.5,19.6,34.3,6.9,44.9,47.4,1728.9,23.0,0.75,17.9,42.4,4.9,0.36,0.39,0
56.3,130.0,217.5,38.8,79.6,81.0,2313.4,37.2,3.98,25.0,78.9,14.7,0.78,0.75,1
25.9,109.2,165.1,57.2,89.5,90.3,1690.4,24.0,3.2,19.4,82.0,18.4,0.5,0.72,1
14.2,18.4,19.4,12.6,64.0,42.6,2594.0,13.0,1.53,26.5,59.9,8.4,0.27,0.24,0
12.2,30.3,64.1,5.2,25.7,50.7,1026.2,27.7,1.92,18.2,55.5,8.6,0.39,0.41,1
14.4,28.9,56.0,6.7,58.3,40.4,1646.2,23.7,0.89,19.1,45.7,17.5,0.11,0.55,0
17.7,18.2,42.7,5.1,26.6,45.3,1893.3,33.4,0.52,22.0,69.9,5.2,0.32,0.51,0
58.5,145.0,242.6,21.7,82.1,81.6,1430.0,27.3,3.85,21.5,97.5,13.8,0.95,0.81,1
11.2,32.0,44.6,8.6,41.4,44.2,839.8,33.1,1.99,15.7,52.1,5.4,0.3,0.26,1
9.4,9.6,20.7,13.5,44.4,67.2,700.1,31.9,1.15,27.5,71.4,15.5,0.1,0.65,0
4.7,22.8,54.5,4.7,61.3,41.8,2697.6,34.4,1.01,14.9,63.4,11.4,0.24,0.3,1
60.3,101.7,180.4,30.1,96.7,72.7,1486.7,24.0,3.23,19.9,86.3,29.4,0.83,0.84,1
1.6,19.0,24.8,15.7,35.0,45.8,878.4,18.8,2.05,23.1,40.7,13.9,0.41,0.4,0
8.8,32.0,50.2,9.8,48.1,56.2,1558.1,12.7,1.98,15.2,66.4,9.3,0.09,0.49,0
15.8,38.0,71.6,17.4,25.1,44.4,1923.4,30.5,1.16,23.7,49.6,16.7,0.25,0.41,0
18.0,30.3,36.5,10.3,57.6,59.5,1159.3,29.7,1.77,27.8,70.7,6.7,0.1,0.64,1
15.6,38.0,69.0,10.8,50.9,50.7,1711.7,11.3,1.84,24.4,55.1,10.9,0.12,0.33,0
2.9,7.8,41.8,3.1,35.8,52.4,2346.2,25.3,0.78,26.6,44.5,8.0,0.43,0.57,0
59.9,94.8,164.1,42.4,73.6,82.8,2183.8,36.0,3.48,24.7,82.4,28.8,0.46,0.93,1
2.7,4.8,27.3,9.4,61.3,43.8,1603.1,17.2,1.4,19.5,62.7,14.6,0.39,0.64,0
4.8,22.7,36.5,13.5,44.0,67.8,2436.9,28.2,2.21,28.4,67.6,10.4,0.15,0.37,1
0.4,13.5,31.1,10.5,64.0,64.6,1532.7,14.0,1.16,19.8,66.9,11.3,0.28,0.58,0
14.5,17.8,42.8,8.7,36.8,31.9,1153.3,22.2,1.14,25.1,65.8,7.4,0.07,0.58,0
25.5,111.7,195.7,32.9,75.4,72.2,1863.1,25.1,2.91,19.3,87.2,23.8,0.58,0.66,1
0.7,1.3,27.2,6.4,56.9,46.4,2168.7,21.3,1.42,18.4,39.9,11.8,0.18,0.4,0
11.6,24.0,45.7,10.9,54.6,56.8,2521.8,23.4,1.72,20.9,51.5,14.7,0.28,0.23,0
16.1,16.8,43.0,15.2,63.1,32.1,1327.4,24.9,1.27,15.4,57.5,10.7,0.09,0.48,0
13.3,32.5,64.2,8.2,63.1,62.9,1557.9,17.4,0.79,20.4,58.0,12.2,0.35,0.43,0
1.9,23.3,34.2,19.4,29.7,66.4,702.5,12.3,0.92,25.3,69.0,10.1,0.42,0.47,0
11.3,32.5,42.9,7.1,61.2,64.2,880.2,34.4,2.12,27.2,51.4,17.9,0.24,0.45,1
9.5,17.6,20.2,17.9,57.1,35.3,1500.1,29.4,1.63,18.1,69.4,13.8,0.27,0.47,0
1.6,13.5,20.3,4.2,51.5,64.6,2027.2,20.1,0.87,27.9,64.9,16.2,0.26,0.54,0
32.0,82.9,150.2,40.5,95.9,93.0,1379.5,22.0,3.02,20.3,89.1,30.1,0.98,0.87,1
15.1,28.2,35.5,10.5,47.2,58.2,1400.9,15.5,1.16,29.4,52.8,14.6,0.35,0.32,0
10.3,32.7,49.3,18.9,33.6,32.8,2783.7,32.3,2.03,24.9,72.5,15.6,0.39,0.46,1
6.9,30.2,45.4,10.8,42.8,51.5,2540.5,21.8,0.59,21.1,58.6,5.9,0.05,0.31,0
12.7,15.2,47.0,4.3,33.2,36.9,2525.1,10.3,1.89,23.8,42.5,8.0,0.24,0.63,0
37.4,111.3,182.0,31.9,81.7,73.7,2078.3,42.0,3.23,18.5,97.0,15.9,0.93,0.92,1
17.4,29.4,54.8,7.4,32.4,46.8,811.7,14.1,2.27,23.4,60.1,11.5,0.31,0.25,0
10.0,17.2,50.1,15.2,63.9,31.4,624.5,17.1,0.85,17.9,62.2,7.2,0.25,0.6,0
12.5,22.4,35.4,9.1,32.1,54.1,2264.4,19.1,2.03,23.8,49.6,6.9,0.36,0.42,0
4.0,8.9,14.7,15.5,34.2,50.0,2529.7,21.3,1.54,27.9,53.0,4.2,0.22,0.47,0
52.9,122.0,172.8,45.9,73.5,90.0,790.9,28.2,4.63,21.3,91.2,16.5,0.88,0.86,1
10.6,19.4,36.3,11.9,43.9,56.5,1070.7,20.8,0.86,14.1,47.0,14.5,0.37,0.29,0
17.3,29.8,61.9,14.1,53.9,33.2,2175.5,15.5,0.52,19.5,66.5,8.7,0.38,0.26,0
33.7,84.1,152.7,33.9,90.9,74.3,826.9,28.5,5.01,25.5,97.7,13.8,0.57,0.77,1
63.8,129.6,214.7,50.3,71.5,92.0,2390.5,39.2,4.23,23.6,79.6,20.6,0.7,0.67,1
17.2,20.4,44.8,10.1,26.0,65.1,1103.7,31.3,1.44,15.9,49.5,7.6,0.25,0.63,0
10.3,32.6,55.4,9.5,59.2,47.9,883.4,31.7,1.02,27.7,58.5,16.4,0.43,0.22,0
50.0,102.5,186.4,51.7,76.4,85.4,2246.7,39.3,2.9,22.8,96.8,18.8,0.46,0.82,1
1.5,25.8,27.1,15.1,46.0,44.0,1887.5,11.6,1.62,18.5,71.4,8.3,0.23,0.44,0
1.8,25.1,38.2,1.6,40.5,52.8,722.1,22.8,1.75,18.6,67.8,5.1,0.39,0.24,0
15.0,24.0,45.5,3.1,27.6,38.2,1731.6,13.2,1.06,23.4,66.6,13.2,0.29,0.39,0
48.7,103.6,202.5,29.2,68.2,87.6,2332.2,24.1,5.17,18.6,77.4,21.9,0.77,0.74,1
12.9,27.8,39.1,0.5,55.0,38.2,1869.6,30.9,1.26,28.0,69.5,9.2,0.13,0.55,0
7.8,12.6,44.3,4.0,26.0,30.8,1284.3,25.6,1.69,19.1,48.6,13.5,0.07,0.62,0
4.0,29.0,35.0,15.4,33.9,33.1,1487.9,31.9,2.05,25.2,57.3,15.9,0.18,0.44,0
8.7,17.6,48.8,3.3,31.0,51.9,1459.6,26.4,0.85,29.1,44.9,13.4,0.35,0.4,0
71.9,146.1,218.1,42.8,88.8,86.2,1269.8,44.4,3.57,19.7,75.9,12.9,0.92,0.87,1
11.9,27.3,57.0,9.6,59.8,43.7,1165.8,33.2,1.76,23.0,56.3,5.9,0.29,0.34,1
0.9,24.7,47.1,17.5,52.0,43.6,2712.6,22.8,1.72,18.1,70.0,16.9,0.32,0.62,0
44.9,132.1,221.3,21.7,95.2,83.6,983.8,31.8,4.2,21.8,94.1,12.3,0.56,0.65,1
7.5,25.7,53.6,18.9,49.3,39.7,1863.7,33.1,1.9,25.1,72.0,14.0,0.2,0.52,1
0.7,10.4,24.6,3.3,25.9,35.1,2774.0,26.4,1.94,19.5,59.0,17.1,0.12,0.52,0
13.6,15.8,46.0,16.3,26.3,33.5,1720.4,11.2,1.1,22.5,45.7,16.8,0.2,0.22,0
5.4,18.7,33.0,5.5,30.3,61.1,1439.6,34.9,1.09,23.9,63.7,9.5,0.41,0.45,0
8.1,24.3,57.6,15.9,26.6,42.6,2140.4,21.8,1.07,27.2,64.3,17.9,0.16,0.59,0
13.8,22.9,48.5,2.1,56.6,50.2,2011.6,17.3,1.68,17.4,36.2,10.1,0.28,0.59,0
71.4,133.1,225.9,37.6,90.4,76.9,734.5,29.1,4.4,23.8,94.2,20.0,0.67,0.93,1
14.0,21.2,32.5,13.6,47.5,36.2,2114.0,17.7,2.12,29.8,65.7,17.2,0.14,0.55,0
0.4,17.1,33.6,6.9,59.5,62.5,1409.2,10.6,1.6,20.7,68.3,8.3,0.43,0.28,0
11.9,28.7,37.6,6.5,58.4,58.9,735.7,18.2,1.46,17.3,54.4,5.2,0.39,0.52,0
17.0,34.3,67.2,11.1,49.0,67.1,2192.4,26.1,0.56,28.5,66.8,12.2,0.32,0.65,0
1.6,18.3,28.2,12.8,49.3,35.8,882.1,15.2,1.62,18.2,68.4,8.6,0.25,0.62,0
36.4,89.7,172.2,50.2,95.0,94.0,747.1,41.3,3.18,21.1,78.3,26.2,0.8,0.66,1
66.8,111.8,182.0,46.7,80.9,82.6,2153.2,20.0,3.7,25.3,84.5,20.5,0.82,0.96,1
4.8,15.8,43.7,12.2,29.4,53.9,1764.0,14.7,1.42,28.0,53.5,7.9,0.14,0.59,0
3.1,13.7,20.3,15.5,44.0,43.3,1818.3,19.0,2.03,25.5,70.9,16.6,0.18,0.63,0
0.4,9.9,41.2,5.5,35.9,41.5,2198.8,25.3,1.29,28.3,62.0,6.9,0.42,0.32,0
32.5,67.9,147.3,24.6,72.2,79.2,2251.8,26.4,4.31,24.1,81.0,16.9,0.98,0.65,1
15.8,20.8,54.0,6.8,42.6,56.9,1818.4,24.7,1.07,25.7,36.7,4.2,0.23,0.26,0
12.0,17.3,32.5,4.0,46.9,34.4,2699.4,10.6,0.59,16.3,63.3,5.0,0.09,0.43,0
8.4,32.2,65.2,15.6,49.1,47.3,1926.4,18.9,2.2,23.3,44.3,4.7,0.43,0.34,1
8.0,10.8,40.1,0.6,58.4,35.3,962.3,32.2,1.81,23.1,47.5,6.5,0.39,0.38,1
7.2,11.4,24.8,17.4,39.5,66.2,990.1,33.7,0.76,27.8,50.7,4.1,0.16,0.47,0
14.4,17.7,21.6,18.4,55.0,52.4,2268.6,29.2,1.27,19.9,44.8,14.2,0.22,0.64,0
42.5,127.8,233.1,29.7,91.9,82.4,2114.2,45.5,3.85,21.7,80.2,16.0,0.66,0.9,1
10.9,28.1,38.0,9.6,26.8,61.1,624.1,34.7,1.23,16.7,61.1,12.6,0.37,0.31,0
13.7,30.9,42.2,10.9,30.9,47.2,2447.0,32.0,1.26,23.4,42.7,12.1,0.25,0.38,0
31.0,86.0,131.1,24.0,80.5,79.3,2139.9,45.8,3.63,22.2,91.2,17.2,0.97,0.82,1
15.0,24.1,27.6,13.5,25.3,48.1,2754.7,14.8,1.63,21.4,67.7,11.1,0.25,0.62,0
69.5,146.6,207.4,41.8,74.7,82.7,2402.5,32.5,4.99,21.3,75.4,29.2,0.5,0.86,1
0.4,10.4,44.9,2.0,41.9,41.7,1122.9,32.6,2.06,15.3,60.1,8.7,0.32,0.21,1
2.4,19.6,27.0,17.2,27.3,38.2,2146.5,35.0,1.28,16.9,59.4,14.2,0.18,0.57,0
10.9,20.6,40.1,11.5,31.6,45.3,2274.4,18.6,1.22,21.7,72.6,8.1,0.22,0.55,0
9.8,23.5,25.4,8.0,35.8,68.0,2087.7,17.7,2.09,19.5,56.7,15.8,0.4,0.27,0
6.1,14.5,16.0,12.0,59.2,44.5,1426.4,28.5,1.63,16.3,63.4,16.0,0.32,0.21,0
3.9,5.6,25.6,15.1,29.4,61.9,2737.1,23.9,1.74,15.3,71.0,5.8,0.21,0.58,0
16.3,29.0,49.8,14.2,58.3,34.6,1591.4,30.3,1.37,20.8,55.4,17.2,0.27,0.63,1
3.2,21.3,49.8,13.6,49.3,51.5,869.0,31.5,1.98,27.6,51.6,7.6,0.4,0.39,1
65.4,111.2,151.5,39.8,71.0,90.1,865.4,26.3,3.83,20.3,93.0,15.0,0.79,0.95,1
12.2,32.5,36.3,5.0,60.8,57.2,1511.2,26.0,1.69,14.7,66.4,13.5,0.24,0.6,0
6.1,13.4,44.0,15.9,45.6,35.0,1447.1,15.4,1.68,27.4,73.0,15.3,0.2,0.55,0
6.3,10.5,11.7,7.7,61.1,39.1,655.0,15.2,2.25,26.6,47.9,4.5,0.42,0.26,0
9.9,16.8,19.1,1.0,29.6,32.7,1354.4,29.0,1.37,20.7,72.2,16.8,0.34,0.6,0
5.8,15.3,36.8,12.5,44.3,45.2,1557.0,34.7,1.98,25.6,45.8,5.4,0.19,0.38,1
0.3,20.7,33.2,11.6,28.0,36.6,2690.6,32.2,1.6,30.0,49.9,8.2,0.39,0.65,0
11.3,31.2,58.6,7.1,48.0,61.7,1340.8,27.2,0.54,16.3,44.3,16.7,0.06,0.3,0
5.6,21.0,39.7,4.4,31.6,39.0,2684.7,22.6,0.99,21.4,37.4,14.2,0.18,0.49,0
5.0,19.3,46.3,18.6,35.4,42.7,2583.1,21.6,2.17,15.4,40.3,10.9,0.09,0.36,0
2.7,18.6,51.8,19.9,40.0,52.8,2117.0,31.4,0.71,20.5,43.2,9.6,0.08,0.51,0
37.6,86.3,134.8,54.6,82.8,85.7,1065.8,35.1,3.73,24.0,77.9,14.1,0.83,0.72,1
5.5,17.4,33.1,14.2,49.9,54.5,1309.1,27.9,1.03,21.0,47.3,17.8,0.38,0.27,0
0.1,1.2,9.7,2.3,46.3,62.6,1478.5,28.4,0.89,22.1,67.4,15.7,0.41,0.43,0
12.5,15.3,35.1,5.0,42.3,54.1,622.5,16.4,0.59,14.4,35.3,5.5,0.15,0.3,0
17.8,25.4,29.9,10.9,59.3,55.8,2172.7,17.4,1.51,25.6,61.7,16.2,0.4,0.46,0
7.7,23.8,52.4,0.1,64.7,36.9,1095.1,21.8,2.07,21.6,40.3,9.5,0.12,0.36,1
6.7,31.6,66.4,2.3,54.0,32.0,2724.1,10.8,0.69,29.1,42.8,6.3,0.15,0.43,0
10.3,15.8,42.3,6.2,61.9,55.0,2399.4,20.9,1.92,18.6,48.6,17.1,0.12,0.22,0
8.2,28.2,55.2,18.4,46.3,33.8,805.3,24.7,1.9,16.8,35.5,12.3,0.4,0.5,1
17.7,19.3,50.9,16.3,37.6,67.0,2537.6,17.2,2.1,26.1,57.5,5.7,0.26,0.36,0
64.6,140.1,243.8,20.6,92.3,94.5,854.4,41.7,2.89,18.2,89.5,24.6,0.99,0.78,1
6.0,21.6,50.5,18.7,57.1,46.2,1679.3,25.9,2.04,17.5,41.8,4.0,0.34,0.25,1
4.4,11.8,31.4,8.0,52.0,32.1,1341.3,13.1,1.4,18.7,37.7,16.5,0.33,0.25,0
1.2,25.5,49.4,8.3,53.1,58.7,1545.7,29.5,1.36,14.2,72.1,12.4,0.13,0.61,0
70.7,160.1,261.3,59.9,75.3,92.2,887.0,42.7,3.19,25.8,81.8,29.4,0.4,0.66,1
48.3,92.6,180.9,42.6,70.3,75.9,2205.2,29.6,3.06,21.3,77.1,21.7,0.45,0.69,1
4.3,25.8,58.2,16.5,38.4,40.4,2785.4,23.7,1.8,16.1,37.0,13.7,0.38,0.58,0
12.2,36.1,53.9,18.3,63.7,62.2,1805.9,17.7,0.85,21.2,70.1,5.4,0.15,0.54,0
1.7,9.7,23.3,12.5,31.3,62.7,1629.3,21.2,2.15,18.4,40.7,4.1,0.26,0.25,0
7.1,21.8,31.4,3.5,56.0,66.0,2712.0,12.5,0.78,14.6,74.1,4.1,0.4,0.34,0
16.9,24.8,47.7,1.6,34.7,59.4,1543.3,23.2,2.17,27.9,53.0,17.7,0.43,0.35,0
69.3,150.2,204.9,45.0,70.2,92.1,1460.4,23.2,2.71,22.6,94.7,31.5,0.66,0.67,1
13.5,27.6,43.3,6.2,45.1,42.9,2529.1,28.9,1.48,22.7,44.5,15.9,0.27,0.29,0
11.2,20.2,49.7,9.1,54.1,33.6,2378.6,19.9,2.27,16.6,46.1,8.6,0.31,0.54,1
13.5,26.2,54.6,8.7,30.0,51.4,1873.1,33.8,1.93,24.3,72.2,10.0,0.18,0.64,1
15.5,23.6,39.9,8.3,31.0,66.4,1016.6,20.1,2.08,22.8,36.0,14.7,0.28,0.48,0
0.9,6.2,8.8,5.8,50.1,51.5,1200.7,25.3,1.49,17.9,40.5,15.9,0.3,0.28,0
33.9,116.2,208.2,46.4,80.2,78.3,1273.4,47.4,4.89,24.8,92.5,17.9,0.66,0.71,1
2.0,20.1,29.4,16.4,64.8,32.9,2335.7,21.8,1.94,26.2,49.0,10.4,0.29,0.64,0
41.4,126.8,185.6,59.6,88.1,83.1,1220.9,36.4,3.32,18.9,77.6,19.0,0.86,0.85,1
1.8,23.2,44.2,19.2,51.8,36.7,662.2,21.8,1.67,14.2,40.2,7.5,0.22,0.42,0
31.9,102.3,184.0,31.8,68.4,73.9,1416.0,29.8,2.96,23.0,87.6,16.6,0.61,0.85,1
15.5,34.3,53.7,7.2,39.6,63.4,2061.6,11.0,2.28,24.9,36.5,12.5,0.24,0.25,0
5.0,27.3,46.5,8.3,27.9,57.1,1722.6,27.6,1.61,20.9,58.7,7.3,0.43,0.46,0
5.6,16.8,45.0,3.2,36.7,55.8,887.0,17.9,1.93,26.2,37.7,4.2,0.41,0.46,0
42.6,86.5,169.7,40.4,97.7,95.6,1633.2,37.1,3.83,23.5,77.3,18.6,0.45,0.67,1
34.8,93.9,188.8,39.4,78.1,74.0,1868.4,34.5,3.31,25.8,77.6,16.2,0.68,0.97,1
13.9,36.3,48.0,19.8,29.1,32.0,799.3,31.4,2.17,15.8,36.3,5.5,0.13,0.64,1
12.0,31.5,58.7,10.7,56.9,52.6,1773.7,17.9,1.51,27.2,74.3,9.8,0.36,0.24,0
63.8,116.1,158.9,34.5,86.3,74.9,2467.0,45.7,2.73,23.7,82.6,19.8,0.84,0.85,1
12.1,21.8,38.9,19.8,33.6,45.9,2280.8,17.3,1.88,18.7,38.3,4.2,0.22,0.38,0
74.4,132.6,190.6,55.6,82.7,86.4,2494.0,20.9,3.65,22.7,82.9,24.5,0.95,0.74,1
9.1,33.1,39.1,14.4,49.6,55.8,2105.3,18.8,1.06,17.4,51.8,6.6,0.05,0.64,0
46.6,134.7,184.6,43.5,74.0,91.0,2432.9,41.5,2.84,19.6,89.1,31.7,0.93,0.97,1
42.1,78.5,131.6,40.0,91.8,75.6,1348.3,37.8,3.47,23.3,85.7,28.2,0.49,0.91,1
28.2,69.9,155.8,54.2,75.6,79.9,2241.2,34.1,3.13,24.2,78.3,21.3,0.86,0.76,1
11.4,12.7,34.0,3.1,58.2,43.5,710.3,17.0,2.01,20.3,49.8,8.0,0.41,0.54,0
1.2,19.0,37.5,18.0,37.5,51.8,1603.4,22.5,1.38,17.3,65.2,10.3,0.43,0.32,0
12.3,35.8,59.0,17.4,58.1,43.7,1778.2,25.0,0.78,17.7,64.7,11.4,0.21,0.32,0
74.9,109.2,152.3,28.7,97.1,95.5,1106.5,37.6,5.14,25.8,78.3,14.0,0.47,0.84,1
14.1,23.2,57.5,8.7,31.0,47.7,1609.3,27.0,2.0,23.5,45.7,13.0,0.44,0.22,1
16.0,30.0,38.8,19.1,44.3,42.6,2432.3,14.5,0.94,23.8,71.5,7.2,0.1,0.2,0
9.1,34.1,58.4,6.2,60.1,59.7,1261.2,10.4,1.97,16.4,44.1,10.6,0.22,0.33,0
3.1,22.2,56.8,15.6,36.8,39.3,1812.9,15.4,0.75,23.7,63.2,13.5,0.17,0.35,0
12.3,21.0,28.4,7.5,35.9,33.4,1083.5,30.8,2.04,15.0,64.6,7.0,0.21,0.23,0
36.3,113.9,210.2,28.3,78.1,75.2,1945.6,20.2,5.48,22.3,92.6,28.8,0.88,0.66,1
3.4,19.7,32.9,19.6,51.6,66.3,1307.0,15.0,2.06,29.8,41.3,11.2,0.37,0.39,0
48.4,137.6,207.4,44.2,69.6,92.2,730.7,37.4,3.71,22.7,75.3,12.0,0.77,0.71,1
3.5,19.8,21.7,6.3,31.0,52.0,1161.5,26.5,1.8,15.4,38.1,10.0,0.43,0.3,0
4.6,7.1,28.3,13.6,50.7,62.7,1236.7,22.2,0.74,24.6,59.5,11.4,0.32,0.49,0
69.1,134.2,228.7,29.9,88.3,93.7,2077.1,29.6,4.84,18.5,88.4,14.6,0.98,0.92,1
2.0,5.0,25.8,6.9,26.4,50.6,2364.2,19.7,0.68,28.6,65.3,15.5,0.14,0.32,0
3.8,22.9,56.1,14.3,60.3,54.3,765.7,19.7,1.27,14.5,62.8,10.1,0.27,0.45,0
